"max_views","country_name","geonameid","views","artist_name","artist_link","track_name","track_link","location_id","rank","date_range","latitude","longitude","formatted_address","country_name","fips","iso","tld"
77150,"Afghanistan",NULL,77150,"--","/insights/artist?entity_params_entity=ARTIST&entity_params_id","Mehdi Farukh Dokhtar Sheghnan","https://www.youtube.com/watch?v=jL_OuKv77GY","0x38d16eb6f8ff026d:0xf3b5460dbe96da78",0,20180525,33.93911,67.709953,"Afghanistan","Afghanistan","AF","AF",".af"
1497835,"Albania",NULL,1497835,"Butrint Imeri","/insights/artist?entity_params_entity=ARTIST&entity_params_id","Ma Chérie","https://www.youtube.com/watch?v=PZqRgT85E0Q","0x13453bf3bd274c2d:0x77ce589d6983bee",0,20180525,41.153332,20.168331,"Albania","Albania","AL","AL",".al"
29693,"Andorra",NULL,29693,"Casper","/insights/artist?entity_params_entity=ARTIST&entity_params_id=%2Fg%2F11c30v9mfs","Te Bote (Remix) (Casper, Darell, Nio Garcia, Nicky Jam, Bad Bunny & Ozuna)","https://www.youtube.com/watch?v=9jI-z9QN6g8","0x12a5f52e989ef095:0x7c93ed778ea7f92",0,20180525,42.506285,1.521801,"Andorra","Andorra","AN","AD",".ad"
192903,"Angola",NULL,192903,"Liriany","/insights/artist?entity_params_entity=ARTIST&entity_params_id","Ser Feliz (feat. Landrick)","https://www.youtube.com/watch?v=u6VJF48vtxg","0x1a51f24ecaad8b27:0x590a289d0d4a4e3d",0,20180525,-11.202692,17.873887,"Angola","Angola","AO","AO",".ao"
11671,"Anguilla",NULL,11671,"Kes","/insights/artist?entity_params_entity=ARTIST&entity_params_id","Hello","https://www.youtube.com/watch?v=Nh_iSHsVsPA","0x8c0e63748eef01e5:0x3b9d6ad384e0d481",0,20180525,18.220554,-63.068615,"Anguilla","Anguilla","AV","AI",".ai"
46314,"Antigua and Barbuda",NULL,46314,"Kes","/insights/artist?entity_params_entity=ARTIST&entity_params_id","Hello","https://www.youtube.com/watch?v=Nh_iSHsVsPA","0x8c0d6eb96db8d1c1:0x276a3788e18b7994",0,20180525,17.060816,-61.796428,"Antigua and Barbuda","Antigua and Barbuda","AC","AG",".ag"
37586504,"Argentina",NULL,37586504,"Casper","/insights/artist?entity_params_entity=ARTIST&entity_params_id=%2Fg%2F11c30v9mfs","Te Bote (Remix) (Casper, Darell, Nio Garcia, Nicky Jam, Bad Bunny & Ozuna)","https://www.youtube.com/watch?v=9jI-z9QN6g8","0x95bccaf5f5fdc667:0x3d2f77992af00fa8",0,20180525,-38.416097,-63.616672,"Argentina","Argentina","AR","AR",".ar"
1589676,"Armenia",NULL,1589676,"Tigran Asatryan","/insights/artist?entity_params_entity=ARTIST&entity_params_id","Garun Garun","https://www.youtube.com/watch?v=aA2OJLBukLI","0x40155684e773bac7:0xd0b4757aeb822d23",0,20180525,40.069099,45.038189,"Armenia","Armenia","AM","AM",".am"
118192,"Aruba",NULL,118192,"Casper","/insights/artist?entity_params_entity=ARTIST&entity_params_id=%2Fg%2F11c30v9mfs","Te Bote (Remix) (Casper, Darell, Nio Garcia, Nicky Jam, Bad Bunny & Ozuna)","https://www.youtube.com/watch?v=9jI-z9QN6g8","0x8e8538cfe25a77db:0xf16a8a3e89818c2f",0,20180525,12.52111,-69.968338,"Aruba","Aruba","AA","AW",".aw"
5417345,"Australia",NULL,5417345,"Childish Gambino","/insights/artist?entity_params_entity=ARTIST&entity_params_id=%2Fm%2F02778wm","This Is America","https://www.youtube.com/watch?v=VYOjWnS4cMY","0x2b2bfd076787c5df:0x538267a1955b1352",0,20180525,-25.274398,133.775136,"Australia","Australia","AS","AU",".au"
1807623,"Austria",NULL,1807623,"Capital Bra","/insights/artist?entity_params_entity=ARTIST&entity_params_id","Neymar (feat. Ufo361)","https://www.youtube.com/watch?v=csA3Ie-VIbs","0x476d079b259d2a7f:0x1012d47bdde4c1af",0,20180525,47.516231,14.550072,"Austria","Austria","AU","AT",".at"
3134318,"Azerbaijan",NULL,3134318,"Damla","/insights/artist?entity_params_entity=ARTIST&entity_params_id","Xəncər","https://www.youtube.com/watch?v=ZmAyPJ8zf-w","0x40307cd91aa21ddf:0xe6c9526b3e83cd08",0,20180525,40.143105,47.576927,"Azerbaijan","Azerbaijan","AJ","AZ",".az"
158378,"Bahamas, The",NULL,158378,"Drake","/insights/artist?entity_params_entity=ARTIST&entity_params_id=%2Fm%2F05mt_q","Nice For What","https://www.youtube.com/watch?v=U9BwWKXjVaI","0x88d69a3bb2480f3d:0x133eb4836ac779e5",0,20180525,25.03428,-77.39628,"The Bahamas","Bahamas, The","BF","BS",".bs"
217685,"Bahrain",NULL,217685,"Saif Nabeel","/insights/artist?entity_params_entity=ARTIST&entity_params_id","Galy Anta","https://www.youtube.com/watch?v=Ld4J_JWeGY0","0x3e48524e6a47a211:0x2e9450e2dbda1046",0,20180525,26.0667,50.5577,"Bahrain","Bahrain","BA","BH",".bh"
9243143,"Bangladesh",NULL,9243143,"Prottoy Khan","/insights/artist?entity_params_entity=ARTIST&entity_params_id","Oporadhi⁩‭","https://www.youtube.com/watch?v=qbN7DtPAKQo","0x30adaaed80e18ba7:0xf2d28e0c4e1fc6b",0,20180525,23.684994,90.356331,"Bangladesh","Bangladesh","BG","BD",".bd"
110763,"Barbados",NULL,110763,"Nicki Minaj","/insights/artist?entity_params_entity=ARTIST&entity_params_id=%2Fm%2F047sxrj","Chun-Li","https://www.youtube.com/watch?v=Wpm07-BGJnE","0x8c43f1fbae321aa3:0xeec51b38cf4362b",0,20180525,13.193887,-59.543198,"Barbados","Barbados","BB","BB",".bb"
1164274,"Belarus",NULL,1164274,"Егор Крид","/insights/artist?entity_params_entity=ARTIST&entity_params_id=%2Fm%2F0wytkyt","Миллион алых роз","https://www.youtube.com/watch?v=FZogDOXZlTE","0x46da2584e2ad4881:0xa1d181ec8c10",0,20180525,53.709807,27.953389,"Belarus","Belarus","BO","BY",".by"
153952,"Belize",NULL,153952,"Casper","/insights/artist?entity_params_entity=ARTIST&entity_params_id=%2Fg%2F11c30v9mfs","Te Bote (Remix) (Casper, Darell, Nio Garcia, Nicky Jam, Bad Bunny & Ozuna)","https://www.youtube.com/watch?v=9jI-z9QN6g8","0x8f5c5b3ec112faf9:0xf64a8a4d3f1ee34e",0,20180525,17.189877,-88.49765,"Belize","Belize","BH","BZ",".bz"
27755,"Bermuda",NULL,27755,"Drake","/insights/artist?entity_params_entity=ARTIST&entity_params_id=%2Fm%2F05mt_q","Nice For What","https://www.youtube.com/watch?v=U9BwWKXjVaI","0x8a2d139e8668b0a5:0x3cdffdc72c99b8bc",0,20180525,32.3078,-64.7505,"Bermuda","Bermuda","BD","BM",".bm"
4079553,"Bolivia",NULL,4079553,"Casper","/insights/artist?entity_params_entity=ARTIST&entity_params_id=%2Fg%2F11c30v9mfs","Te Bote (Remix) (Casper, Darell, Nio Garcia, Nicky Jam, Bad Bunny & Ozuna)","https://www.youtube.com/watch?v=9jI-z9QN6g8","0x915edf8977bba295:0x1c9ec2bb0115edbf",0,20180525,-16.290154,-63.588653,"Bolivia","Bolivia","BL","BO",".bo"
2176463,"Bosnia and Herzegovina",NULL,2176463,"Jala Brat","/insights/artist?entity_params_entity=ARTIST&entity_params_id","Mafia (Jala Brat & Buba Corelli)","https://www.youtube.com/watch?v=MFssIe5b-Og","0x134ba215c737a9d7:0x6df7e20343b7e90c",0,20180525,43.915886,17.679076,"Bosnia and Herzegovina","Bosnia and Herzegovina","BK","BA",".ba"
93390232,"Brazil",NULL,93390232,"MC MM featuring DJ RD","/insights/artist?entity_params_entity=ARTIST&entity_params_id","Só quer vrau","https://www.youtube.com/watch?v=sbXg6CWUXuo","0x9c59c7ebcc28cf:0x295a1506f2293e63",0,20180525,-14.235004,-51.92528,"Brazil","Brazil","BR","BR",".br"
229752,"Brunei",NULL,229752,"Siti Badriah","/insights/artist?entity_params_entity=ARTIST&entity_params_id","Lagi Syantik","https://www.youtube.com/watch?v=Tet6_BlStEM","0x3218994b04b8b9d1:0x5dfe3580dd09dad6",0,20180525,4.535277,114.727669,"Brunei","Brunei","BX","BN",".bn"
7676049,"Bulgaria",NULL,7676049,"Krisko","/insights/artist?entity_params_entity=ARTIST&entity_params_id","Gledai kak se pravi (feat. Slavi Trifonov)","https://www.youtube.com/watch?v=ycgvsLVtofA","0x40a8fec1c85bf089:0xa01269bf4c10",0,20180525,42.733883,25.48583,"Bulgaria","Bulgaria","BU","BG",".bg"
38697,"Burkina Faso",NULL,38697,"Black M","/insights/artist?entity_params_entity=ARTIST&entity_params_id=%2Fm%2F0x27zdc","Mama (feat. Sidiki Diabaté)","https://www.youtube.com/watch?v=M_YO5q6YB6E","0xe2dca26d5a6709b:0x27930aed46836dab",0,20180525,12.238333,-1.561593,"Burkina Faso","Burkina Faso","UV","BF",".bf"
1847690,"Cambodia",NULL,1847690,"Da Zhuang","/insights/artist?entity_params_entity=ARTIST&entity_params_id","We're Different","https://www.youtube.com/watch?v=ekDzlSB1p28","0x310787bfd4dc3743:0xe4b7bfe089f41253",0,20180525,12.565679,104.990963,"Cambodia","Cambodia","CB","KH",".kh"
279888,"Cameroon",NULL,279888,"Charlotte Dipanda","/insights/artist?entity_params_entity=ARTIST&entity_params_id=%2Fm%2F0bh815h","Sista (feat. Yemi Alade)","https://www.youtube.com/watch?v=ugDOP5j2xiQ","0x10613753703e0f21:0x2b03c44599829b53",0,20180525,7.369722,12.354722,"Cameroon","Cameroon","CM","CM",".cm"
9054009,"Canada",NULL,9054009,"Childish Gambino","/insights/artist?entity_params_entity=ARTIST&entity_params_id=%2Fm%2F02778wm","This Is America","https://www.youtube.com/watch?v=VYOjWnS4cMY","0x4b0d03d337cc6ad9:0x9968b72aa2438fa5",0,20180525,56.130366,-106.346771,"Canada","Canada","CA","CA",".ca"
47201,"Cape Verde",NULL,47201,"Yasmine","/insights/artist?entity_params_entity=ARTIST&entity_params_id","Não Posso","https://www.youtube.com/watch?v=UuyGVEvJGd4","0x9358f2159115131:0x6b1af236f918ea1f",0,20180525,16.5388,-23.0418,"Cape Verde","Cape Verde","CV","CV",".cv"
21209,"Cayman Islands",NULL,21209,"Childish Gambino","/insights/artist?entity_params_entity=ARTIST&entity_params_id=%2Fm%2F02778wm","This Is America","https://www.youtube.com/watch?v=VYOjWnS4cMY","0x8f25863e2fb8aa29:0x7045c4d38770715e",0,20180525,19.3133,-81.2546,"Cayman Islands","Cayman Islands","CJ","KY",".ky"
59643301,"Colombia",NULL,59643301,"Casper","/insights/artist?entity_params_entity=ARTIST&entity_params_id=%2Fg%2F11c30v9mfs","Te Bote (Remix) (Casper, Darell, Nio Garcia, Nicky Jam, Bad Bunny & Ozuna)","https://www.youtube.com/watch?v=9jI-z9QN6g8","0x8e15a43aae1594a3:0x9a0d9a04eff2a340",0,20180525,4.570868,-74.297333,"Colombia","Colombia","CO","CO",".co"
22404,"Congo, Democratic Republic of the",NULL,22404,"Dadju","/insights/artist?entity_params_entity=ARTIST&entity_params_id","Mafuzzy Style","https://www.youtube.com/watch?v=t3HFob5pC3g","0x1979facf9a7546bd:0x4c63e5eac93f141",0,20180525,-4.038333,21.758664,"Democratic Republic of the Congo","Congo, Democratic Republic of the","CG","CD",".cd"
4281351,"Costa Rica",NULL,4281351,"Casper","/insights/artist?entity_params_entity=ARTIST&entity_params_id=%2Fg%2F11c30v9mfs","Te Bote (Remix) (Casper, Darell, Nio Garcia, Nicky Jam, Bad Bunny & Ozuna)","https://www.youtube.com/watch?v=9jI-z9QN6g8","0x8f92e56221acc925:0x6254f72535819a2b",0,20180525,9.748917,-83.753428,"Costa Rica","Costa Rica","CS","CR",".cr"
431397,"Cote d'Ivoire",NULL,431397,"Dadju","/insights/artist?entity_params_entity=ARTIST&entity_params_id","Mafuzzy Style","https://www.youtube.com/watch?v=t3HFob5pC3g","0xf961387b049a067:0x1f91e627cb9ee40",0,20180525,7.539989,-5.54708,"Côte d'Ivoire","Cote d'Ivoire","IV","CI",".ci"
778526,"Croatia",NULL,778526,"Jala Brat","/insights/artist?entity_params_entity=ARTIST&entity_params_id","Mafia (Jala Brat & Buba Corelli)","https://www.youtube.com/watch?v=MFssIe5b-Og","0x133441080add95ed:0xa0f3c024e1661b7f",0,20180525,45.1,15.2000001,"Croatia","Croatia","HR","HR",".hr"
96028,"Curacao",NULL,96028,"Casper","/insights/artist?entity_params_entity=ARTIST&entity_params_id=%2Fg%2F11c30v9mfs","Te Bote (Remix) (Casper, Darell, Nio Garcia, Nicky Jam, Bad Bunny & Ozuna)","https://www.youtube.com/watch?v=9jI-z9QN6g8","0x8e849dbe62c7fdc7:0xfc7f9228dbc64723",0,20180525,12.16957,-68.99002,"Curaçao","Curacao","UC","CW",".cw"
669288,"Cyprus",NULL,669288,"Super Sako","/insights/artist?entity_params_entity=ARTIST&entity_params_id","Thelo Na Se Xanado (Mi Gna) (feat. Panos Kiamos & BO$$)","https://www.youtube.com/watch?v=fvGFis2abL0","0x14de1767ca494d55:0x324c3c807fc4146e",0,20180525,35.126413,33.429859,"Cyprus","Cyprus","CY","CY",".cy"
1800389,"Czech Republic",NULL,1800389,"Kryštof","/insights/artist?entity_params_entity=ARTIST&entity_params_id=%2Fm%2F01rbdf7","Zůstaň tu se mnou","https://www.youtube.com/watch?v=Jl5C4lwYX_0","0x470b948fd7dd8243:0xf8661c75d3db586f",0,20180525,49.817492,15.472962,"Czechia","Czech Republic","EZ","CZ",".cz"
1313711,"Denmark",NULL,1313711,"Bro","/insights/artist?entity_params_entity=ARTIST&entity_params_id","Sydpå","https://www.youtube.com/watch?v=ziOUhJY6Soc","0x464b27b6ee945ffb:0x528743d0c3e092cd",0,20180525,56.26392,9.501785,"Denmark","Denmark","DA","DK",".dk"
10287,"Dominica",NULL,10287,"Busy Signal","/insights/artist?entity_params_entity=ARTIST&entity_params_id=%2Fm%2F03qlcgd","Stay So","https://www.youtube.com/watch?v=h6DwAox2hF8","0x8c14d2faf2155a15:0x49b39109053afd3c",0,20180525,15.414999,-61.370976,"Dominica","Dominica","DO","DM",".dm"
24385795,"Ecuador",NULL,24385795,"Casper","/insights/artist?entity_params_entity=ARTIST&entity_params_id=%2Fg%2F11c30v9mfs","Te Bote (Remix) (Casper, Darell, Nio Garcia, Nicky Jam, Bad Bunny & Ozuna)","https://www.youtube.com/watch?v=9jI-z9QN6g8","0x902387dda89a4bd5:0x9d76af04119c3702",0,20180525,-1.831239,-78.183406,"Ecuador","Ecuador","EC","EC",".ec"
2989630,"El Salvador",NULL,2989630,"Casper","/insights/artist?entity_params_entity=ARTIST&entity_params_id=%2Fg%2F11c30v9mfs","Te Bote (Remix) (Casper, Darell, Nio Garcia, Nicky Jam, Bad Bunny & Ozuna)","https://www.youtube.com/watch?v=9jI-z9QN6g8","0x8f6327a659640657:0x6f9a16eb98854832",0,20180525,13.794185,-88.89653,"El Salvador","El Salvador","ES","SV",".sv"
263815,"Estonia",NULL,263815,"Netta","/insights/artist?entity_params_entity=ARTIST&entity_params_id","Toy","https://www.youtube.com/watch?v=UFZ2F8V9qVk","0x4692949c82a04bfd:0x40ea9fba4fb425c3",0,20180525,58.595272,25.0136071,"Estonia","Estonia","EN","EE",".ee"
330388,"Ethiopia",NULL,330388,"Selamawit Yohannes","/insights/artist?entity_params_entity=ARTIST&entity_params_id","Hanen","https://www.youtube.com/watch?v=S0nA9MB4ULE","0x1635d0cedd6cfd2b:0x7bf6a67f5348c55a",0,20180525,9.145,40.489673,"Ethiopia","Ethiopia","ET","ET",".et"
12976,"Faroe Islands",NULL,12976,"Marshmello","/insights/artist?entity_params_entity=ARTIST&entity_params_id=%2Fg%2F11cp7gjh1b","Friends (Marshmello & Anne-Marie)","https://www.youtube.com/watch?v=jzD_yyEcp0M","0x48bc1593762df9eb:0x3fb0314864f71b24",0,20180525,61.892635,-6.9118061,"Faroe Islands","Faroe Islands","FO","FO",".fo"
90700,"Fiji",NULL,90700,"Daddy Yankee","/insights/artist?entity_params_entity=ARTIST&entity_params_id=%2Fm%2F01wbl_r","Dura","https://www.youtube.com/watch?v=sGIm0-dQd8M","0x6e1990fd703cdc5d:0x9e9c319946ef5b93",0,20180525,-17.713371,178.065032,"Fiji","Fiji","FJ","FJ",".fj"
698640,"Finland",NULL,698640,"Antti Ketonen","/insights/artist?entity_params_entity=ARTIST&entity_params_id","Olisitpa sylissäni","https://www.youtube.com/watch?v=G6NVgixlJtg","0x4681cadf4b32f6dd:0x146d63c75a810",0,20180525,61.92411,25.7481511,"Finland","Finland","FI","FI",".fi"
51329,"French Polynesia",NULL,51329,"Ed Sheeran","/insights/artist?entity_params_entity=ARTIST&entity_params_id=%2Fm%2F0g9sr1k","Perfect","https://www.youtube.com/watch?v=2Vv-BfVoq4g","0x741875d07c6dd74d:0x9bc07a7a09c35711",0,20180525,-17.679742,-149.406843,"French Polynesia","French Polynesia","FP","PF",".pf"
61333,"Gabon",NULL,61333,"Dadju","/insights/artist?entity_params_entity=ARTIST&entity_params_id","Mafuzzy Style","https://www.youtube.com/watch?v=t3HFob5pC3g","0x107f3b8a5438f3ed:0x7b0cc30e36786b15",0,20180525,-0.803689,11.609444,"Gabon","Gabon","GB","GA",".ga"
1438734,"Georgia",NULL,1438734,"Ka-Re","/insights/artist?entity_params_entity=ARTIST&entity_params_id","Polovina","https://www.youtube.com/watch?v=qeU4D1SaFQA","0x40440cd7e64f626b:0x4f907964122d4ac2",0,20180525,42.315407,43.356892,"Georgia","Georgia","GG","GE",".ge"
16264551,"Germany",NULL,16264551,"Capital Bra","/insights/artist?entity_params_entity=ARTIST&entity_params_id","Neymar (feat. Ufo361)","https://www.youtube.com/watch?v=csA3Ie-VIbs","0x479a721ec2b1be6b:0x75e85d6b8e91e55b",0,20180525,51.165691,10.451526,"Germany","Germany","GM","DE",".de"
847231,"Ghana",NULL,847231,"Shatta Wale","/insights/artist?entity_params_entity=ARTIST&entity_params_id","Gringo","https://www.youtube.com/watch?v=2BnoV5WGQ1M","0xfd75acda8dad6c7:0x54d7f230d093d236",0,20180525,7.946527,-1.023194,"Ghana","Ghana","GH","GH",".gh"
12269,"Gibraltar",NULL,12269,"Ariana Grande","/insights/artist?entity_params_entity=ARTIST&entity_params_id=%2Fm%2F09gkdy4","No Tears Left To Cry","https://www.youtube.com/watch?v=ffxKSjUwKdU","0xd0cbf762714be35:0x384e25263600870f",0,20180525,36.140751,-5.353585,"Gibraltar","Gibraltar","GI","GI",".gi"
8309781,"Greece",NULL,8309781,"Super Sako","/insights/artist?entity_params_entity=ARTIST&entity_params_id","Thelo Na Se Xanado (Mi Gna) (feat. Panos Kiamos & BO$$)","https://www.youtube.com/watch?v=fvGFis2abL0","0x135b4ac711716c63:0x363a1775dc9a2d1d",0,20180525,39.074208,21.824312,"Greece","Greece","GR","GR",".gr"
69210,"Grenada",NULL,69210,"Busy Signal","/insights/artist?entity_params_entity=ARTIST&entity_params_id=%2Fm%2F03qlcgd","Stay So","https://www.youtube.com/watch?v=h6DwAox2hF8","0x8c381789f4877bd1:0x36d8c7015a1f4f8e",0,20180525,12.1165,-61.679,"Grenada","Grenada","GJ","GD",".gd"
113818,"Guam",NULL,113818,"Lil Dicky","/insights/artist?entity_params_entity=ARTIST&entity_params_id=%2Fm%2F010lvgg4","Freaky Friday (feat. Chris Brown)","https://www.youtube.com/watch?v=aZla1ttZHaw","0x671f76ff930f24ef:0x5571ae91c5b3e5a6",0,20180525,13.444304,144.793731,"Guam","Guam","GQ","GU",".gu"
4488444,"Guatemala",NULL,4488444,"Casper","/insights/artist?entity_params_entity=ARTIST&entity_params_id=%2Fg%2F11c30v9mfs","Te Bote (Remix) (Casper, Darell, Nio Garcia, Nicky Jam, Bad Bunny & Ozuna)","https://www.youtube.com/watch?v=9jI-z9QN6g8","0x8588135036e7506b:0x35982b375b84d5bb",0,20180525,15.783471,-90.230759,"Guatemala","Guatemala","GT","GT",".gt"
15197,"Guernsey",NULL,15197,"Ariana Grande","/insights/artist?entity_params_entity=ARTIST&entity_params_id=%2Fm%2F09gkdy4","No Tears Left To Cry","https://www.youtube.com/watch?v=ffxKSjUwKdU","0x480d20e4f4bfb3ed:0x990ad58a5d0d9899",0,20180525,49.465691,-2.585278,"Guernsey","Guernsey","GK","GG",".gg"
159323,"Guinea",NULL,159323,"Black M","/insights/artist?entity_params_entity=ARTIST&entity_params_id=%2Fm%2F0x27zdc","Mama (feat. Sidiki Diabaté)","https://www.youtube.com/watch?v=M_YO5q6YB6E","0xf01b321bcce953f:0xe8737bcbd75a2df6",0,20180525,9.945587,-9.696645,"Guinea","Guinea","GV","GN",".gn"
128235,"Guyana",NULL,128235,"Kes","/insights/artist?entity_params_entity=ARTIST&entity_params_id","Hello","https://www.youtube.com/watch?v=Nh_iSHsVsPA","0x8dafefaf60d8c2b3:0x48e38867b6e54440",0,20180525,4.860416,-58.93018,"Guyana","Guyana","GY","GY",".gy"
96616,"Haiti",NULL,96616,"Ayiiti","/insights/artist?entity_params_entity=ARTIST&entity_params_id","Dancing on Our Own (feat. Joel Akoustik)","https://www.youtube.com/watch?v=IqAYUuLnjnE","0x8eb6c6f37fcbbb11:0xb51438b24c54f6d3",0,20180525,18.971187,-72.285215,"Haiti","Haiti","HA","HT",".ht"
4566569,"Honduras",NULL,4566569,"Casper","/insights/artist?entity_params_entity=ARTIST&entity_params_id=%2Fg%2F11c30v9mfs","Te Bote (Remix) (Casper, Darell, Nio Garcia, Nicky Jam, Bad Bunny & Ozuna)","https://www.youtube.com/watch?v=9jI-z9QN6g8","0x8f6a751a73b731cf:0x7ed1de82b6fb8264",0,20180525,15.199999,-86.241905,"Honduras","Honduras","HO","HN",".hn"
1296997,"Hong Kong",NULL,1296997,"Kelly Yu","/insights/artist?entity_params_entity=ARTIST&entity_params_id","體面（電影《前任3：再見前任》插曲）","https://www.youtube.com/watch?v=VNyiqtvtPLc","0x3403e2eda332980f:0xf08ab3badbeac97c",0,20180525,22.396428,114.109497,"Hong Kong","Hong Kong","HK","HK",".hk"
2945760,"Hungary",NULL,2945760,"Follow The Flow","/insights/artist?entity_params_entity=ARTIST&entity_params_id","Nem Tudja Senki","https://www.youtube.com/watch?v=dMa3-TTGb44","0x4741837bdf37e4c3:0xc4290c1e1010",0,20180525,47.162494,19.5033041,"Hungary","Hungary","HU","HU",".hu"
136046,"Iceland",NULL,136046,"Netta","/insights/artist?entity_params_entity=ARTIST&entity_params_id","Toy","https://www.youtube.com/watch?v=UFZ2F8V9qVk","0x48d22b52a3eb6043:0x6f8a0434e5c1459a",0,20180525,64.963051,-19.020835,"Iceland","Iceland","IC","IS",".is"
99075296,"India",NULL,99075296,"Jasmin Walia","/insights/artist?entity_params_entity=ARTIST&entity_params_id=%2Fm%2F010g4f_t","Bom Diggy (Jasmin Walia & Zack Knight)","https://www.youtube.com/watch?v=yIIGQB6EMAM","0x30635ff06b92b791:0xd78c4fa1854213a6",0,20180525,20.593684,78.96288,"India","India","IN","IN",".in"
12901213,"Indonesia",NULL,12901213,"Ed Sheeran","/insights/artist?entity_params_entity=ARTIST&entity_params_id=%2Fm%2F0g9sr1k","Perfect","https://www.youtube.com/watch?v=2Vv-BfVoq4g","0x2c4c07d7496404b7:0xe37b4de71badf485",0,20180525,-0.789275,113.921327,"Indonesia","Indonesia","ID","ID",".id"
11603,"Iran",NULL,11603,"El Chombo","/insights/artist?entity_params_entity=ARTIST&entity_params_id=%2Fm%2F082hb9","Dame tu Cosita (feat. Cutty Ranks)","https://www.youtube.com/watch?v=FzG4uDgje3M","0x3ef7ec2ec16b1df1:0x40b095d39e51face",0,20180525,32.427908,53.688046,"Iran","Iran","IR","IR",".ir"
25140,"Isle of Man",NULL,25140,"Ariana Grande","/insights/artist?entity_params_entity=ARTIST&entity_params_id=%2Fm%2F09gkdy4","No Tears Left To Cry","https://www.youtube.com/watch?v=ffxKSjUwKdU","0x48638530442e81d5:0xea025bbcf1f0e00d",0,20180525,54.236107,-4.548056,"Isle of Man","Isle of Man","IM","IM",".im"
9250921,"Israel",NULL,9250921,"Static and Ben El Tavori","/insights/artist?entity_params_entity=ARTIST&entity_params_id","Kawaii","https://www.youtube.com/watch?v=Vj0GqUeUstM","0x1500492432a7c98b:0x6a6b422013352cba",0,20180525,31.046051,34.851612,"Israel","Israel","IS","IL",".il"
16643249,"Italy",NULL,16643249,"Alvaro Soler","/insights/artist?entity_params_entity=ARTIST&entity_params_id=%2Fg%2F11b7xmcgw6","La Cintura","https://www.youtube.com/watch?v=Eg4LUvUjUWI","0x12d4fe82448dd203:0xe22cf55c24635e6f",0,20180525,41.87194,12.56738,"Italy","Italy","IT","IT",".it"
731108,"Jamaica",NULL,731108,"Alkaline","/insights/artist?entity_params_entity=ARTIST&entity_params_id","Perfect","https://www.youtube.com/watch?v=5w_XWFajGvI","0x8eda2a1bc6cf719d:0x59a0d1c0b5120efa",0,20180525,18.109581,-77.297508,"Jamaica","Jamaica","JM","JM",".jm"
19937290,"Japan",NULL,19937290,"米津玄師","/insights/artist?entity_params_entity=ARTIST&entity_params_id=%2Fm%2F0gd7frt","Lemon","https://www.youtube.com/watch?v=SX_ViT4Ra7k","0x34674e0fd77f192f:0xf54275d47c665244",0,20180525,36.204824,138.252924,"Japan","Japan","JA","JP",".jp"
29043,"Jersey",NULL,29043,"Calvin Harris","/insights/artist?entity_params_entity=ARTIST&entity_params_id=%2Fm%2F0288c4g","One Kiss (Calvin Harris & Dua Lipa)","https://www.youtube.com/watch?v=DkeiKbqa02g","0x480c52a48c927533:0x519c23a30a1a6cc3",0,20180525,49.214439,-2.13125,"Jersey","Jersey","JE","JE",".je"
2069804,"Jordan",NULL,2069804,"Saif Nabeel","/insights/artist?entity_params_entity=ARTIST&entity_params_id","Galy Anta","https://www.youtube.com/watch?v=Ld4J_JWeGY0","0x15006f476664de99:0x8d285b0751264e99",0,20180525,30.585164,36.238414,"Jordan","Jordan","JO","JO",".jo"
2536023,"Kazakhstan",NULL,2536023,"MATRANG","/insights/artist?entity_params_entity=ARTIST&entity_params_id","Meduza","https://www.youtube.com/watch?v=mRyuWVDSLvU","0x38a91007ecfca947:0x5f7b842fe4b30e1b",0,20180525,48.019573,66.923684,"Kazakhstan","Kazakhstan","KZ","KZ",".kz"
3077586,"Kenya",NULL,3077586,"Harmonize","/insights/artist?entity_params_entity=ARTIST&entity_params_id","Kwa Ngwaru (feat. Diamond Platnumz)","https://www.youtube.com/watch?v=alu7e4TnyAA","0x182780d08350900f:0x403b0eb0a1976dd9",0,20180525,-0.023559,37.906193,"Kenya","Kenya","KE","KE",".ke"
16832102,"Korea, South",NULL,16832102,"TWICE","/insights/artist?entity_params_entity=ARTIST&entity_params_id=%2Fg%2F11btzyw8k4","What is Love?","https://www.youtube.com/watch?v=i0p1bmr0EmE","0x356455ebcb11ba9b:0x91249b00ba88db4b",0,20180525,35.907757,127.766922,"South Korea","Korea, South","KS","KR",".kr"
10780,"Kosovo",NULL,10780,"Preet Hundal","/insights/artist?entity_params_entity=ARTIST&entity_params_id","Gappi","https://www.youtube.com/watch?v=IwJ0xHIYsg4","0x13537af354bf7df1:0xbfffeedfabc31791",0,20180525,42.6026359,20.902977,"Kosovo","Kosovo","KV","XK","-"
907796,"Kuwait",NULL,907796,"--","/insights/artist?entity_params_entity=ARTIST&entity_params_id","علي عرنوص   اضم حبك","https://www.youtube.com/watch?v=WsKZcHOpcFM","0x3fc5363fbeea51a1:0x74726bcd92d8edd2",0,20180525,29.31166,47.481766,"Kuwait","Kuwait","KU","KW",".kw"
728395,"Kyrgyzstan",NULL,728395,"--","/insights/artist?entity_params_entity=ARTIST&entity_params_id","Almaz Shaadaev эми мага баарыбир","https://www.youtube.com/watch?v=2lLcPVx-61o","0x3897381dfce927f3:0x281058b74e88c433",0,20180525,41.20438,74.766098,"Kyrgyzstan","Kyrgyzstan","KG","KG",".kg"
2161395,"Laos",NULL,2161395,"ดอกแค เซอร์ลาว","/insights/artist?entity_params_entity=ARTIST&entity_params_id","ศาลาคนเมา","https://www.youtube.com/watch?v=0Q9wfZgwiIc","0x31149057b0824589:0xec592481f99cd81",0,20180525,19.85627,102.495496,"Laos","Laos","LA","LA",".la"
431855,"Latvia",NULL,431855,"Mesa","/insights/artist?entity_params_entity=ARTIST&entity_params_id","Vērtības","https://www.youtube.com/watch?v=zORKnAbDnLQ","0x46e930677b8a9afd:0xcfcd68f2fc10",0,20180525,56.879635,24.603189,"Latvia","Latvia","LG","LV",".lv"
1156137,"Lebanon",NULL,1156137,"Fares Karam","/insights/artist?entity_params_entity=ARTIST&entity_params_id=%2Fm%2F03mf9cp","بدنا نولعها","https://www.youtube.com/watch?v=JwmAUcod5q0","0x151f17028422aaad:0xcc7d34096c00f970",0,20180525,33.854721,35.862285,"Lebanon","Lebanon","LE","LB",".lb"
421846,"Libya",NULL,421846,"Balti","/insights/artist?entity_params_entity=ARTIST&entity_params_id=%2Fm%2F0dnkymw","Ya Lili (feat. Hamouda)","https://www.youtube.com/watch?v=YG2JKINlx4s","0x13a892d98ece010d:0xfa076041c7f9c22a",0,20180525,26.3351,17.228331,"Libya","Libya","LY","LY",".ly"
1226079,"Lithuania",NULL,1226079,"Ieva Zasimauskaitė","/insights/artist?entity_params_entity=ARTIST&entity_params_id","Kol Myliu","https://www.youtube.com/watch?v=q5zBaNFUQ9A","0x46dd94140f33be13:0xf30a54d3a55dbab9",0,20180525,55.169438,23.881275,"Lithuania","Lithuania","LH","LT",".lt"
177443,"Luxembourg",NULL,177443,"Lartiste","/insights/artist?entity_params_entity=ARTIST&entity_params_id=%2Fm%2F0133gqzb","Catchu Catchu","https://www.youtube.com/watch?v=S6baf8BqKDI","0x479545b9ca212147:0x64db60f602d392ef",0,20180525,49.815273,6.129583,"Luxembourg","Luxembourg","LU","LU",".lu"
199860,"Macau",NULL,199860,"Kelly Yu","/insights/artist?entity_params_entity=ARTIST&entity_params_id","體面（電影《前任3：再見前任》插曲）","https://www.youtube.com/watch?v=VNyiqtvtPLc","0x34017ae0e235c8f3:0xc67be32cb485acf6",0,20180525,22.198745,113.543873,"Macau","Macau","MC","MO",".mo"
106484,"Madagascar",NULL,106484,"Ed Sheeran","/insights/artist?entity_params_entity=ARTIST&entity_params_id=%2Fm%2F0g9sr1k","Perfect","https://www.youtube.com/watch?v=2Vv-BfVoq4g","0x21d1a4e3ea238545:0x5244e3c1977b1388",0,20180525,-18.766947,46.869107,"Madagascar","Madagascar","MA","MG",".mg"
20023748,"Malaysia",NULL,20023748,"Siti Badriah","/insights/artist?entity_params_entity=ARTIST&entity_params_id","Lagi Syantik","https://www.youtube.com/watch?v=Tet6_BlStEM","0x3034d3975f6730af:0x745969328211cd8",0,20180525,4.210484,101.975766,"Malaysia","Malaysia","MY","MY",".my"
50214,"Maldives",NULL,50214,"Camila Cabello","/insights/artist?entity_params_entity=ARTIST&entity_params_id=%2Fm%2F0vzgltt","Havana (feat. Young Thug)","https://www.youtube.com/watch?v=BQ0mxQXmLsk","0x24b599bfaafb7bbd:0x414509e181956289",0,20180525,3.202778,73.22068,"Maldives","Maldives","MV","MV",".mv"
71549,"Mali",NULL,71549,"Black M","/insights/artist?entity_params_entity=ARTIST&entity_params_id=%2Fm%2F0x27zdc","Mama (feat. Sidiki Diabaté)","https://www.youtube.com/watch?v=M_YO5q6YB6E","0xe143e881b1073cf:0xbb3a5be2a0bdcf80",0,20180525,17.570692,-3.996166,"Mali","Mali","ML","ML",".ml"
230295,"Malta",NULL,230295,"Ariana Grande","/insights/artist?entity_params_entity=ARTIST&entity_params_id=%2Fm%2F09gkdy4","No Tears Left To Cry","https://www.youtube.com/watch?v=ffxKSjUwKdU","0x130e45281d8647c5:0xf582d86136be4239",0,20180525,35.937496,14.375416,"Malta","Malta","MT","MT",".mt"
32598,"Mauritania",NULL,32598,"Karol G","/insights/artist?entity_params_entity=ARTIST&entity_params_id=%2Fg%2F12h2t9kfy","Mi Cama","https://www.youtube.com/watch?v=8-mloCL49vs","0xe80b8c314b3394f:0x83220bebd6be534e",0,20180525,21.00789,-10.940835,"Mauritania","Mauritania","MR","MR",".mr"
582544,"Mauritius",NULL,582544,"Nicky Jam","/insights/artist?entity_params_entity=ARTIST&entity_params_id=%2Fm%2F01q7z27","X (Nicky Jam & J. Balvin)","https://www.youtube.com/watch?v=_I_D_8Z4sJE","0x217c504df94474c9:0x4203d9c2116bd031",0,20180525,-20.348404,57.552152,"Mauritius","Mauritius","MP","MU",".mu"
67829284,"Mexico",NULL,67829284,"Nicky Jam","/insights/artist?entity_params_entity=ARTIST&entity_params_id=%2Fm%2F01q7z27","X (Nicky Jam & J. Balvin)","https://www.youtube.com/watch?v=_I_D_8Z4sJE","0x84043a3b88685353:0xed64b4be6b099811",0,20180525,23.634501,-102.552784,"Mexico","Mexico","MX","MX",".mx"
872888,"Moldova, Republic of",NULL,872888,"Егор Крид","/insights/artist?entity_params_entity=ARTIST&entity_params_id=%2Fm%2F0wytkyt","Миллион алых роз","https://www.youtube.com/watch?v=FZogDOXZlTE","0x40c97c3628b769a1:0x258119acdf53accb",0,20180525,47.411631,28.369885,"Moldova","Moldova, Republic of","MD","MD",".md"
4496,"Monaco",NULL,4496,"Maître Gims","/insights/artist?entity_params_entity=ARTIST&entity_params_id=%2Fm%2F0s8yg6_","La même (feat. Vianney)","https://www.youtube.com/watch?v=fC6YV65JJ6g","0x12cdc26f7b3f8531:0x74f7784c3ac49cfc",0,20180525,43.7384176,7.4246158,"Monaco","Monaco","MN","MC",".mc"
617407,"Mongolia",NULL,617407,"Д. Отгонжаргал","/insights/artist?entity_params_entity=ARTIST&entity_params_id","Миний Ээж Тэмээчин","https://www.youtube.com/watch?v=YEym6Lp2qCA","0x3627050669aa6d4b:0xe0dd213937e6e096",0,20180525,46.862496,103.846656,"Mongolia","Mongolia","MG","MN",".mn"
386428,"Montenegro",NULL,386428,"Jala Brat","/insights/artist?entity_params_entity=ARTIST&entity_params_id","Mafia (Jala Brat & Buba Corelli)","https://www.youtube.com/watch?v=MFssIe5b-Og","0x134c3217242c1fcb:0x384c9d866effd346",0,20180525,42.708678,19.37439,"Montenegro","Montenegro","MJ","ME",".me"
6118275,"Morocco",NULL,6118275,"Saad Lamjarred","/insights/artist?entity_params_entity=ARTIST&entity_params_id=%2Fg%2F11b5v4m_x7","Ghazali","https://www.youtube.com/watch?v=lhnmVSB-Rxc","0xd0b88619651c58d:0xd9d39381c42cffc3",0,20180525,31.791702,-7.09262,"Morocco","Morocco","MO","MA",".ma"
204356,"Mozambique",NULL,204356,"Kyako Kyadaff","/insights/artist?entity_params_entity=ARTIST&entity_params_id","Mônica","https://www.youtube.com/watch?v=FCjbx1GDNmA","0x18d4aceae6fd4ac5:0x12bbbfb9ae16a115",0,20180525,-18.665695,35.529562,"Mozambique","Mozambique","MZ","MZ",".mz"
2462569,"Nepal",NULL,2462569,"Arko","/insights/artist?entity_params_entity=ARTIST&entity_params_id=%2Fm%2F0sh8g4m","O Saathi","https://www.youtube.com/watch?v=YuXLN23ZGQo","0x3995e8c77d2e68cf:0x34a29abcd0cc86de",0,20180525,28.394857,84.124008,"Nepal","Nepal","NP","NP",".np"
2977548,"Netherlands",NULL,2977548,"Ariana Grande","/insights/artist?entity_params_entity=ARTIST&entity_params_id=%2Fm%2F09gkdy4","No Tears Left To Cry","https://www.youtube.com/watch?v=ffxKSjUwKdU","0x47c609c3db87e4bb:0xb3a175ceffbd0a9f",0,20180525,52.132633,5.291266,"Netherlands","Netherlands","NL","NL",".nl"
80986,"New Caledonia",NULL,80986,"Aya Nakamura","/insights/artist?entity_params_entity=ARTIST&entity_params_id","Djadja","https://www.youtube.com/watch?v=iPGgnzc34tY","0x6c27e2693f1a32cb:0xf6d0f68fd5937aec",0,20180525,-20.904305,165.618042,"New Caledonia","New Caledonia","NC","NC",".nc"
1234716,"New Zealand",NULL,1234716,"Childish Gambino","/insights/artist?entity_params_entity=ARTIST&entity_params_id=%2Fm%2F02778wm","This Is America","https://www.youtube.com/watch?v=VYOjWnS4cMY","0x6d2c200e17779687:0xb1d618e2756a4733",0,20180525,-40.900557,174.885971,"New Zealand","New Zealand","NZ","NZ",".nz"
930013,"Nigeria",NULL,930013,"Davido","/insights/artist?entity_params_entity=ARTIST&entity_params_id=%2Fm%2F0_1jk45","Assurance","https://www.youtube.com/watch?v=ucVJrja8r6Q","0x104e0baf7da48d0d:0x99a8fe4168c50bc8",0,20180525,9.081999,8.675277,"Nigeria","Nigeria","NI","NG",".ng"
14060,"Northern Mariana Islands",NULL,14060,"Ed Sheeran","/insights/artist?entity_params_entity=ARTIST&entity_params_id=%2Fm%2F0g9sr1k","Perfect","https://www.youtube.com/watch?v=2Vv-BfVoq4g","0x66d8b13490995c51:0x9db7ebab7c3a0e32",0,20180525,15.0979,145.6739,"Northern Mariana Islands","Northern Mariana Islands","CQ","MP",".mp"
806651,"Norway",NULL,806651,"Childish Gambino","/insights/artist?entity_params_entity=ARTIST&entity_params_id=%2Fm%2F02778wm","This Is America","https://www.youtube.com/watch?v=VYOjWnS4cMY","0x461268458f4de5bf:0xa1b03b9db864d02b",0,20180525,60.472024,8.468946,"Norway","Norway","NO","NO",".no"
270460,"Oman",NULL,270460,"Balti","/insights/artist?entity_params_entity=ARTIST&entity_params_id=%2Fm%2F0dnkymw","Ya Lili (feat. Hamouda)","https://www.youtube.com/watch?v=YG2JKINlx4s","0x3dd69f66a9d59bbf:0x3a064c7665b1a817",0,20180525,21.4735329,55.975413,"Oman","Oman","MU","OM",".om"
17046454,"Pakistan",NULL,17046454,"Mannat Noor","/insights/artist?entity_params_entity=ARTIST&entity_params_id=%2Fg%2F11b_1p4lx9","Laung Laachi","https://www.youtube.com/watch?v=YpkJO_GrCo0","0x38db52d2f8fd751f:0x46b7a1f7e614925c",0,20180525,30.375321,69.345116,"Pakistan","Pakistan","PK","PK",".pk"
2181996,"Paraguay",NULL,2181996,"Casper","/insights/artist?entity_params_entity=ARTIST&entity_params_id=%2Fg%2F11c30v9mfs","Te Bote (Remix) (Casper, Darell, Nio Garcia, Nicky Jam, Bad Bunny & Ozuna)","https://www.youtube.com/watch?v=9jI-z9QN6g8","0x945c083490f13d63:0xb3faff611d582ef3",0,20180525,-23.442503,-58.443832,"Paraguay","Paraguay","PA","PY",".py"
52378588,"Philippines",NULL,52378588,"모모랜드(MOMOLAND)","/insights/artist?entity_params_entity=ARTIST&entity_params_id=%2Fg%2F11cs692885","BBoom BBoom","https://www.youtube.com/watch?v=JQGRg8XBnB4","0x324053215f87de63:0x784790ef7a29da57",0,20180525,12.879721,121.774017,"Philippines","Philippines","RP","PH",".ph"
19185264,"Poland",NULL,19185264,"TACONAFIDE","/insights/artist?entity_params_entity=ARTIST&entity_params_id","Tamagotchi (feat. Dawid Podsiadło)","https://www.youtube.com/watch?v=x2y2V8LpbHk","0x47009964a4640bbb:0x97573ca49cc55ea",0,20180525,51.919438,19.145136,"Poland","Poland","PL","PL",".pl"
6436283,"Portugal",NULL,6436283,"MC Kekel","/insights/artist?entity_params_entity=ARTIST&entity_params_id=%2Fg%2F11c2psj56j","Amor de Verdade (MC Kekel & Mc Rita) (feat. MC Kekel)","https://www.youtube.com/watch?v=8_oE-iQeFeE","0xb32242dbf4226d5:0x2ab84b091c4ef041",0,20180525,39.399872,-8.224454,"Portugal","Portugal","PO","PT",".pt"
318372,"Qatar",NULL,318372,"Ed Sheeran","/insights/artist?entity_params_entity=ARTIST&entity_params_id=%2Fm%2F0g9sr1k","Perfect","https://www.youtube.com/watch?v=2Vv-BfVoq4g","0x3e45c534ffdce87f:0x1cfa88cf812b4032",0,20180525,25.354826,51.183884,"Qatar","Qatar","QA","QA",".qa"
8738657,"Romania",NULL,8738657,"Lidia Buble","/insights/artist?entity_params_entity=ARTIST&entity_params_id=%2Fg%2F11bw8f6zgk","Sub Apa","https://www.youtube.com/watch?v=6Uh4Ss7DR84","0x40b1ff26958976c3:0x84ef4f92a804b194",0,20180525,45.943161,24.96676,"Romania","Romania","RO","RO",".ro"
9397455,"Russia",NULL,9397455,"Егор Крид","/insights/artist?entity_params_entity=ARTIST&entity_params_id=%2Fm%2F0wytkyt","Миллион алых роз","https://www.youtube.com/watch?v=FZogDOXZlTE","0x453c569a896724fb:0x1409fdf86611f613",0,20180525,61.52401,105.318756,"Russia","Russia","RS","RU",".ru"
184714,"Rwanda",NULL,184714,"Harmonize","/insights/artist?entity_params_entity=ARTIST&entity_params_id","Kwa Ngwaru (feat. Diamond Platnumz)","https://www.youtube.com/watch?v=alu7e4TnyAA","0x19c29654e73840e3:0x7490b026cbcca103",0,20180525,-1.940278,29.873888,"Rwanda","Rwanda","RW","RW",".rw"
20996,"Saint Kitts and Nevis",NULL,20996,"Kes","/insights/artist?entity_params_entity=ARTIST&entity_params_id","Hello","https://www.youtube.com/watch?v=Nh_iSHsVsPA","0x8c12196ec68a720d:0xdee99ac69a1d86e8",0,20180525,17.357822,-62.782998,"St Kitts & Nevis","Saint Kitts and Nevis","SC","KN",".kn"
77190,"Saint Lucia",NULL,77190,"Busy Signal","/insights/artist?entity_params_entity=ARTIST&entity_params_id=%2Fm%2F03qlcgd","Stay So","https://www.youtube.com/watch?v=h6DwAox2hF8","0x8c406065f12da31d:0x6e7486c4e8399df5",0,20180525,13.909444,-60.978893,"St Lucia","Saint Lucia","ST","LC",".lc"
40191,"Saint Vincent and the Grenadines",NULL,40191,"Alkaline","/insights/artist?entity_params_entity=ARTIST&entity_params_id","Perfect","https://www.youtube.com/watch?v=5w_XWFajGvI","0x8c40ace29e3935bb:0x31fdd3e88dd2a1b1",0,20180525,12.984305,-61.287228,"St Vincent and the Grenadines","Saint Vincent and the Grenadines","VC","VC",".vc"
7127327,"Saudi Arabia",NULL,7127327,"--","/insights/artist?entity_params_entity=ARTIST&entity_params_id","علي عرنوص   اضم حبك","https://www.youtube.com/watch?v=WsKZcHOpcFM","0x15e7b33fe7952a41:0x5960504bc21ab69b",0,20180525,23.885942,45.079162,"Saudi Arabia","Saudi Arabia","SA","SA",".sa"
557535,"Senegal",NULL,557535,"Wally Family Production","/insights/artist?entity_params_entity=ARTIST&entity_params_id","NDIOLé feat waly","https://www.youtube.com/watch?v=wFAJT1hRmKk","0xec172f5b3c5bb71:0x5a46a55099615940",0,20180525,14.497401,-14.452362,"Senegal","Senegal","SG","SN",".sn"
3899027,"Serbia",NULL,3899027,"Jala Brat","/insights/artist?entity_params_entity=ARTIST&entity_params_id","Mafia (Jala Brat & Buba Corelli)","https://www.youtube.com/watch?v=MFssIe5b-Og","0x47571ddff2898095:0x55e50ea3723865d",0,20180525,44.016521,21.005859,"Serbia","Serbia","RI","RS",".rs"
1017113,"Singapore",NULL,1017113,"Ed Sheeran","/insights/artist?entity_params_entity=ARTIST&entity_params_id=%2Fm%2F0g9sr1k","Perfect","https://www.youtube.com/watch?v=2Vv-BfVoq4g","0x31da11238a8b9375:0x887869cf52abf5c4",0,20180525,1.352083,103.819836,"Singapore","Singapore","SN","SG",".sg"
18299,"Sint Maarten",NULL,18299,"Kes","/insights/artist?entity_params_entity=ARTIST&entity_params_id","Hello","https://www.youtube.com/watch?v=Nh_iSHsVsPA","0x8c0e6e62d6f890c3:0x728b2cc226338f42",0,20180525,18.04248,-63.05483,"Sint Maarten","Sint Maarten","NN","SX",".sx"
1093819,"Slovakia",NULL,1093819,"Kali","/insights/artist?entity_params_entity=ARTIST&entity_params_id","Nejsom Ten Pravý (Kali & Kali)","https://www.youtube.com/watch?v=VEHgDSVG0fg","0x471460b9ae7cc67f:0xcd6b6167b1723a7d",0,20180525,48.669026,19.699024,"Slovakia","Slovakia","LO","SK",".sk"
346706,"Slovenia",NULL,346706,"Ariana Grande","/insights/artist?entity_params_entity=ARTIST&entity_params_id=%2Fm%2F09gkdy4","No Tears Left To Cry","https://www.youtube.com/watch?v=ffxKSjUwKdU","0x476524e75e968361:0xe740451e25e2d465",0,20180525,46.151241,14.995463,"Slovenia","Slovenia","SI","SI",".si"
118716,"Somalia",NULL,118716,"--","/insights/artist?entity_params_entity=ARTIST&entity_params_id","upload now talantali","https://www.youtube.com/watch?v=tAGytbHTJeU","0x181d2ea7ecd15b83:0x9e393ace5ce9e5be",0,20180525,5.152149,46.199616,"Somalia","Somalia","SO","SO",".so"
1364213,"South Africa",NULL,1364213,"Childish Gambino","/insights/artist?entity_params_entity=ARTIST&entity_params_id=%2Fm%2F02778wm","This Is America","https://www.youtube.com/watch?v=VYOjWnS4cMY","0x1c34a689d9ee1251:0xe85d630c1fa4e8a0",0,20180525,-30.559482,22.937506,"South Africa","South Africa","SF","ZA",".za"
948718,"Sri Lanka",NULL,948718,"Milinda Sandaruwan","/insights/artist?entity_params_entity=ARTIST&entity_params_id","Sudu","https://www.youtube.com/watch?v=Igbz0VI_4l0","0x3ae2593cf65a1e9d:0xe13da4b400e2d38c",0,20180525,7.873054,80.771797,"Sri Lanka","Sri Lanka","CE","LK",".lk"
215924,"Sudan",NULL,215924,"--","/insights/artist?entity_params_entity=ARTIST&entity_params_id","ترويج اغاني و اغاني 2018   رمضان 2018","https://www.youtube.com/watch?v=FLGFAYywDjU","0x15d91cc41072b195:0xd2bf70462a612b37",0,20180525,12.862807,30.217636,"Sudan","Sudan","SU","SD",".sd"
134430,"Suriname",NULL,134430,"Daddy Yankee","/insights/artist?entity_params_entity=ARTIST&entity_params_id=%2Fm%2F01wbl_r","Dura","https://www.youtube.com/watch?v=sGIm0-dQd8M","0x8d0836d5d9d3d551:0x1037e1c0712936b2",0,20180525,3.919305,-56.027783,"Suriname","Suriname","NS","SR",".sr"
1554692,"Sweden",NULL,1554692,"Childish Gambino","/insights/artist?entity_params_entity=ARTIST&entity_params_id=%2Fm%2F02778wm","This Is America","https://www.youtube.com/watch?v=VYOjWnS4cMY","0x465cb2396d35f0f1:0x22b8eba28dad6f62",0,20180525,60.128161,18.643501,"Sweden","Sweden","SW","SE",".se"
1211500,"Switzerland",NULL,1211500,"Azet","/insights/artist?entity_params_entity=ARTIST&entity_params_id","ÜBERLEBT","https://www.youtube.com/watch?v=heNYBivbt-M","0x478c64ef6f596d61:0x5c56b5110fcb7b15",0,20180525,46.818188,8.227512,"Switzerland","Switzerland","SZ","CH",".ch"
2875606,"Syrian Arab Republic",NULL,2875606,"Fares Karam","/insights/artist?entity_params_entity=ARTIST&entity_params_id=%2Fm%2F03mf9cp","بدنا نولعها","https://www.youtube.com/watch?v=JwmAUcod5q0","0x1518e6dc413cc6a7:0x877546f4882af620",0,20180525,34.802075,38.996815,"Syria","Syrian Arab Republic","SY","SY",".sy"
11066250,"Taiwan",NULL,11066250,"Kelly Yu","/insights/artist?entity_params_entity=ARTIST&entity_params_id","體面（電影《前任3：再見前任》插曲）","https://www.youtube.com/watch?v=VNyiqtvtPLc","0x346ef3065c07572f:0xe711f004bf9c5469",0,20180525,23.69781,120.960515,"Taiwan","Taiwan","TW","TW",".tw"
2077986,"Tanzania, United Republic of",NULL,2077986,"Harmonize","/insights/artist?entity_params_entity=ARTIST&entity_params_id","Kwa Ngwaru (feat. Diamond Platnumz)","https://www.youtube.com/watch?v=alu7e4TnyAA","0x184b51314869a111:0x885a17314bc1c430",0,20180525,-6.369028,34.888822,"Tanzania","Tanzania, United Republic of","TZ","TZ",".tz"
38198887,"Thailand",NULL,38198887,"ลำเพลิน","/insights/artist?entity_params_entity=ARTIST&entity_params_id","ห่อหมกฮวกไปฝากป้า (feat. เต๊ะ ตระกูลตอ)","https://www.youtube.com/watch?v=L-rhGB5x8qQ","0x304d8df747424db1:0x9ed72c880757e802",0,20180525,15.870032,100.992541,"Thailand","Thailand","TH","TH",".th"
781447,"The Former Yugoslav Republic of Macedonia",NULL,781447,"Stefan Đurić","/insights/artist?entity_params_entity=ARTIST&entity_params_id","Adio Amore","https://www.youtube.com/watch?v=syEHZpykluY","0x1354159f70bc4809:0xe0f25ad6c81fc5b1",0,20180525,41.608635,21.745275,"Macedonia (FYROM)","The Former Yugoslav Republic of Macedonia","MK","MK",".mk"
26433,"Togo",NULL,26433,"Davido","/insights/artist?entity_params_entity=ARTIST&entity_params_id=%2Fm%2F0_1jk45","Assurance","https://www.youtube.com/watch?v=ucVJrja8r6Q","0x1023e1c113185419:0xfaae5b301ad19360",0,20180525,8.619543,0.824782,"Togo","Togo","TO","TG",".tg"
682666,"Trinidad and Tobago",NULL,682666,"French Montana","/insights/artist?entity_params_entity=ARTIST&entity_params_id=%2Fm%2F080c3gp","Hurtin' Me","https://www.youtube.com/watch?v=DNdLFbEZC2Y","0x8c3607976350b6c5:0xff082855c639f127",0,20180525,10.691803,-61.222503,"Trinidad and Tobago","Trinidad and Tobago","TD","TT",".tt"
5183220,"Tunisia",NULL,5183220,"Ala","/insights/artist?entity_params_entity=ARTIST&entity_params_id","Used To","https://www.youtube.com/watch?v=xzbl20vjNEo","0x125595448316a4e1:0x3a84333aaa019bef",0,20180525,33.886917,9.537499,"Tunisia","Tunisia","TS","TN",".tn"
47235758,"Turkey",NULL,47235758,"Eli Türkoğlu","/insights/artist?entity_params_entity=ARTIST&entity_params_id=%2Fg%2F11hdb0nvhb","Bu Benim Öyküm (feat. Tuğçe Kandemir)","https://www.youtube.com/watch?v=3RmbF8i5YsI","0x14b0155c964f2671:0x40d9dbd42a625f2a",0,20180525,38.963745,35.243322,"Turkey","Turkey","TU","TR",".tr"
9718,"Turks and Caicos Islands",NULL,9718,"Drake","/insights/artist?entity_params_entity=ARTIST&entity_params_id=%2Fm%2F05mt_q","God's Plan","https://www.youtube.com/watch?v=xpVfcZ0ZcFM","0x894b5f55bebb6b75:0x7e11c780028dc1de",0,20180525,21.694025,-71.797928,"TKCA 1ZZ, Turks and Caicos Islands","Turks and Caicos Islands","TK","TC",".tc"
5469789,"Ukraine",NULL,5469789,"MATRANG","/insights/artist?entity_params_entity=ARTIST&entity_params_id","Meduza","https://www.youtube.com/watch?v=mRyuWVDSLvU","0x40d1d9c154700e8f:0x1068488f64010",0,20180525,48.379433,31.1655799,"Ukraine","Ukraine","UP","UA",".ua"
1128707,"United Arab Emirates",NULL,1128707,"Ed Sheeran","/insights/artist?entity_params_entity=ARTIST&entity_params_id=%2Fm%2F0g9sr1k","Perfect","https://www.youtube.com/watch?v=2Vv-BfVoq4g","0x3e5e48dfb1ab12bd:0x33d32f56c0080aa7",0,20180525,23.424076,53.847818,"United Arab Emirates","United Arab Emirates","AE","AE",".ae"
16897220,"United Kingdom",NULL,16897220,"Lil Dicky","/insights/artist?entity_params_entity=ARTIST&entity_params_id=%2Fm%2F010lvgg4","Freaky Friday (feat. Chris Brown)","https://www.youtube.com/watch?v=aZla1ttZHaw","0x25a3b1142c791a9:0xc4f8a0433288257a",0,20180525,55.378051,-3.435973,"United Kingdom","United Kingdom","UK","GB",".uk"
86034632,"United States",NULL,86034632,"Childish Gambino","/insights/artist?entity_params_entity=ARTIST&entity_params_id=%2Fm%2F02778wm","This Is America","https://www.youtube.com/watch?v=VYOjWnS4cMY","0x54eab584e432360b:0x1c3bb99243deb742",0,20180525,37.09024,-95.712891,"United States","United States","US","US",".us"
4236800,"Uruguay",NULL,4236800,"Casper","/insights/artist?entity_params_entity=ARTIST&entity_params_id=%2Fg%2F11c30v9mfs","Te Bote (Remix) (Casper, Darell, Nio Garcia, Nicky Jam, Bad Bunny & Ozuna)","https://www.youtube.com/watch?v=9jI-z9QN6g8","0x9575073afb5fde09:0x4a5596616016524a",0,20180525,-32.522779,-55.765835,"Uruguay","Uruguay","UY","UY",".uy"
285994,"Uzbekistan",NULL,285994,"Munisa Rizayeva","/insights/artist?entity_params_entity=ARTIST&entity_params_id","Yomg'ir","https://www.youtube.com/watch?v=52W8AaAS4fA","0x38ae8b20a5d676b1:0xca0a6dad7e841e20",0,20180525,41.377491,64.585262,"Uzbekistan","Uzbekistan","UZ","UZ",".uz"
20724322,"Venezuela",NULL,20724322,"Casper","/insights/artist?entity_params_entity=ARTIST&entity_params_id=%2Fg%2F11c30v9mfs","Te Bote (Remix) (Casper, Darell, Nio Garcia, Nicky Jam, Bad Bunny & Ozuna)","https://www.youtube.com/watch?v=9jI-z9QN6g8","0x8c2853cb36cbd801:0xdca0f2587cd54dd3",0,20180525,6.42375,-66.58973,"Venezuela","Venezuela","VE","VE",".ve"
19412,"Virgin Islands (US)",NULL,19412,"Kes","/insights/artist?entity_params_entity=ARTIST&entity_params_id","Hello","https://www.youtube.com/watch?v=Nh_iSHsVsPA","0x8c051065f2daacb9:0xf91d891d1bc51c05",0,20180525,18.335765,-64.896335,"U.S. Virgin Islands","Virgin Islands (US)","VQ","VI",".vi"
79669,"Yemen",NULL,79669,"Balti","/insights/artist?entity_params_entity=ARTIST&entity_params_id=%2Fm%2F0dnkymw","Ya Lili (feat. Hamouda)","https://www.youtube.com/watch?v=YG2JKINlx4s","0x1603dbac7c34bc5f:0x92f129377eae77ae",0,20180525,15.552727,48.516388,"Yemen","Yemen","YM","YE",".ye"
