"track_link","artist_name","track_name"
"","Aiya","Maesdjo"
"","Behet Ghol Midam","Mohsen Yeganeh"
"","Changes","Masicka"
"","Mi Cubana Remix (Eladio Carrión, Khea, Cazzu & Ecko)","Eladio Carrión"
"","Missing Track Name","--"
"","Missing Track Name","Cláudia Pascoal"
"","Ngắm Hoa Lệ Rơi","Châu Khải Phong"
"","Ruzigar - Vefasiz / 2018","Ruzigar Qedirov"
"","មេឃកំពុងភ្លៀងហើយ","Meas Soksophea"
"-b21-NCfNzM","Dulce Pecado","Jessi Uribe"
"-ccxOY9btlw","30 km/h","Kali"
"-EKxzId_Sj4","アイネクライネ","米津玄師"
"-I5EbQEUIRs","Wally Seck Mirna","Wally Family Production"
"-lEhWfucJMs","Growing Fond of You","Karen Mok"
"-oCXMrICJgY","Thaniye","Sooraj Santhosh"
"-pl7whYAzaw","Гіпнотизер","Yevhen Mohylevskyi"
"-Q17Udts81M","Clip Scénario hd","DJ Hamida"
"-rs-404qZ3M","Sang Penggoda (feat. Maia Estianty)","Tata Janeeta"
"-RsN3y4cpfQ","Snapchat Story (feat. Romee Khan)","Bilal Saeed"
"-tAs4Sm7D-o","Ilo Maa Mobile ki Mantra Kala","Mantu Chhuria & Dipti Rekha"
"-tKVN2mAKRI","打上花火 (feat. 米津玄師)","DAOKO"
"-uKt3QnDbXg","Половина","Ka-Re"
"-UVvcLIJnDw","Zauvek ti pripadam","Andreana Čekić"
"0aw0M5CBqT8","Minimal","Элджей"
"0AXs8_kBqA0","מישהו איתי כאן","Benaia Barabi"
"0fHKqwhdNJ8","A Culpa É Dele (feat. Maiara & Maraísa)","Marília Mendonça"
"0FvCXrUpw5U","هلا هلا","Waled Al Shami"
"0HUkv6jgerA","Questa nostra stupida canzone d'amore","Thegiornalisti"
"0iNso68Lohw","Vampir","Miligram"
"0Q9wfZgwiIc","ศาลาคนเมา","ดอกแค เซอร์ลาว"
"0uVrUikJojk","Ary Kencana - Cinta Terlarang ( Forbidden Love )","Triwana Music"
"0XElmYomloA","La Player","Zion & Lennox"
"0xI4J9CwMuY","虹","ンダホ & ぺけたん"
"0zREbZkZXJc","Faço Como","Liriany"
"1-tbf-84JnM","EKALDI PARNAI","Rakesh Barot"
"15HzsXTTjo0","I See You Shining","Nines"
"19Qr3Dk8lMc","Rëkkënte Bi (feat. La Génération Consciente)","Pape Diouf"
"1bvyC9gJq6I","Club Controller (Prince Kaybee & LaSoulMates) (feat. TNS & Zanda Zakuza)","Prince Kaybee"
"1cqF0ObBnmE","LYRIC_02724801_LYRIC_บุญผลา - ไมค์ ภิรมย์พร【LYRIC VIDEO】","Mike Piromporn"
"1flZqoyPuQE","H DAI HAI PEN KHERY 2","แมน มิ่งเมืองลาว"
"1gSu12JpKP8","Walking Trophy","Hood Celebrityy"
"1kHwMPKjDe0","Matematika","Rasta"
"1lYv83tXfgw","Ryser (feat. Ricky Rich)","Lani Mo"
"1sLOOtBij7s","Stranac (Šako Polumenta & Lexington Band)","Šako Polumenta"
"1VrWaED18_g","Soco (feat. Terri, Ceeza Milli, Wizkid & Spotless)","Starboy"
"1W5BA0lDVLM","6 Days (Mahmut Orhan & Colonel Bagshot)","Mahmut Orhan"
"1WI-LsOTOoA","Door Des Vich | New Punjabi Song | Ballu Singh | Latest Punjabi Songs 2018 | Music & Sound","--"
"2-KIxNNrJwc","Line (feat. YOUNGOHM)","Wonderframe"
"20cNO5JetDQ","➞ Blatnoi ♛","--"
"2BnoV5WGQ1M","Gringo","Shatta Wale"
"2Ci7Bye6X6I","Piyawa Se Pahile","Ritesh Pandey"
"2gcsgfzqN8k","Zingaat","Ajay-Atul"
"2lLcPVx-61o","Almaz Shaadaev эми мага баарыбир","--"
"2MF6cDl_m_Y","Par to zēnu, kas sit skārda bungas","Brainstorm"
"2ohBsLkGgI0","Meeting (feat. Q.E Favelas)","4Keus"
"2sBgjbVS2KA","Yurak Uradi","Rayhon"
"2Vv-BfVoq4g","Perfect","Ed Sheeran"
"2wGSKHW2PvI","Bharat Ane Nenu(The Song Of Bharat) (From ""Bharat Ane Nenu"")","David Simon"
"2WsIm6pNlI4","Estranho","Marília Mendonça"
"2XHgXfmfsZU","Pega a Receita (Mc Dede & MC Kevinho)","Mc Dede"
"3-uPAP30NuU","A Nossa Vez","Calema"
"31DIsGbFVgY","אוהבת אותי אמיתי","Omer Adam"
"34_PXCzGw1M","New Movie Song 2017 2074   Timi Royeko Pal   AISHWARYA   Ramesh Upreti Dipika Prasai","--"
"37StRy0LEbI","La pluie (feat. Stromae)","Orelsan"
"38lrK74voaI","Magisch","Olexesh"
"3Iyuym-Gci0","Fall","Davido"
"3Nii8wxm1nQ","They Don't Know","Masicka"
"3nVkhp2xtHg","Science Student","Olamide"
"3RmbF8i5YsI","Bu Benim Öyküm (feat. Tuğçe Kandemir)","Eli Türkoğlu"
"3SWc5G8Gx7E","Tareefan (Qaran & Badshah)","Qaran"
"3VGW2c5TCrc","Alami zor","Munisa Rizayeva"
"3WjdlMCgOSI","طيارة","سامى عزالدين"
"3XmJ4NX52MA","Fshatarja Ime (feat. Ledri Vula)","Ermal Fejzullahu"
"3yd_eoMOvqk","Olha a Explosão","MC Kevinho"
"3zpfRJm0qlI","LYRIC_02632401_สิเทน้อง ให้บอกแน -  ต่าย อรทัย 【LYRIC VIDEO】","Tai Orathai"
"4-sxRVTKNUU","Beni İyi Sanıyorlar","Oğuzhan Koç"
"4ahjXHK3W-g","Naji Osta & Salah Kurdi- Rah Tirjaai  / ناجي أسطا وصلاح الكردي - رح ترجعي","Naji Osta"
"4bsckGGbGs0","Mvumo Wa Radi","Ali Kiba"
"4g39QA0mfvE","Top To Bottom (Sneha M Hegde & Chandan Shetty)","Sneha M Hegde"
"4Gy98w4svJM","Зая","Милена Чижова"
"4IZAtgq5zC8","Jour J (feat. Wassila & Scridge)","DJ Kayz"
"4jHaEfZRGJs","Hama Waradi Keruwe","Jayathu Sandaruwan"
"4l_Y0X0zZGU","EP 43PART 4","Asima Panda, Papu Pom Pom"
"4N2iMmHcHys","Fuleragem","MC WM"
"4nT-WMZeNjc","Mosaïque","A.S.H"
"4R7f0Y7ycDg","Amo-te","Bruna Tatiana"
"4rAxOHMGq9k","Piso (feat. Ecko)","Bhavi"
"4TKCbe8jyRI","01 MV RIVER BNK48 FINAL PRORES HQ Fake 4K 2","BKN 48 Official"
"4YKzIuEkiBM","Légzés","Magdolna Rúzsa"
"4zE1RnQnwcQ","Tu Si a Fine do' Munno","Angelo Famao"
"50QA4OsXcKc","Gizli Aşk","Hakan Tunçbilek"
"51WMz9DrbZc","BLÖFF | OFFICIAL MUSIC VIDEO |","AK26"
"52W8AaAS4fA","Yomg'ir","Munisa Rizayeva"
"53_HPbH64_M","Through The Storm","YoungBoy Never Broke Again"
"54PHdAEmJkM","Fuego","Eleni Foureira"
"57R8RNN8vKo","Kusu Kusu","Tian Storm"
"57wYBYOyz2g","Casa de Madeira","Calema"
"59UY2ZS4cko","Nadarang","Shanti Dope"
"5a6o3R4T5ps","Stasera tu verrai con me...!! (feat. Niko Pandetta)","Francesco D'Aleo"
"5Bkeil0ejP8","Sog'indim","Dilso'z"
"5cXPRs5sLhA","Love Scheme","Big Dhillon"
"5hb1Q2apzBg","ថ្ងៃឯកា - គូម៉ា","Kuma"
"5HDjb07_saY","Bad cendrillon (feat. DJ Glad)","Kryssy"
"5i2z5Nk75vk","GASPI   PAIGAI PAIGAI  Son Officiel","--"
"5LrlmnBCvHw","Malibu","Vegas Jones"
"5S0TD8s361Q","ESY E RY MALALA","Mr Syada"
"5sGzi54x-to","Draai Het Om","Boef"
"5tHsSL3NFDE","Juragan Empang","Nella Kharisma"
"5UV1aEkBgAk","Fallait Pas","Marwa Loud"
"5w_XWFajGvI","Perfect","Alkaline"
"5YkxgWMDnCo","Still Can't Sleep","Stoto"
"68LZ5utJVr8","My Type","Popcaan"
"6Cp6mKbRTQY","Hey Brother","Avicii"
"6EwJRGaiBNY","chagexutebi-9707-DNC","gogita gogidze  tako"
"6H8NzHtdqWU","เฮ็ดได้ให้เป็นไพ้","--"
"6KdLo_X-fIQ","Shou Helou","Ziad Borji"
"6OMQsYDbbnI","Sampai Jumpa","Endank Soekamti"
"6pZBGTfRjGI","Orayyo","Chandrabose"
"6Q8e8tmKWMI","حسين الجسمي - أحبّك (حصرياً) | 2018","Hussain Aljassmi"
"6qo8GdzxGpc","Favela (feat. Soolking)","Naps"
"6RT-OucjH8E","Nibebe","Aslay"
"6Uh4Ss7DR84","Sub Apa","Lidia Buble"
"6x4cs5tvc2Q","Nimwage Radhi (feat. Harmonize)","Mrisho Mpoto"
"6YkK1fTSzss","Vachaadayyo Saami (Divya Kumar & Kailash Kher)","Divya Kumar"
"6YNZlXfW6Ho","Boo'd Up","Ella Mai"
"6yofllESgS8","On se connaît pas","Mr. Leo"
"73Ns52Cb7_A","Nove Maggio","LIBERATO"
"75ENws5_Bjc","Топ","Tedi Aleksandrova"
"7C2z4GqqS5E","FAKE LOVE","BTS"
"7CJ1LGcsdYs","Family","Popcaan"
"7jkJ-rwq1qo","คิดฮอด","Bodyslam"
"7k-8O0QQhlk","La Forza","Elina Netšajeva"
"7Lf_g0pbGRk","RaOol  - 2018 Latest Hindi Song","Thoda Bing Thoda Bang"
"7OeMjLVCGJs","Collide","Lady Zamar"
"7UO0O6ADu4Q","El Color De Tus Ojos","Banda MS"
"7V4KJtxOxk0","HATIKU MILIKMU MASTER VIDEO YOUTUBE final","--"
"7YVydzZHU6U","اغنيه العب يلا..اوكا  واورتيجا 2017 8%","Oka & Ortega"
"7YVydzZHU6U","العب يلا","Oka Wi Ortega"
"8-mloCL49vs","Mi Cama","Karol G"
"82GbNXy0qbk","Ca dépend de toi (feat. Serge Beynaud)","DJ Kerozen"
"851QyGdFXVc","الجدي","محمد بشير"
"8Ah68MjWODE","Ranga Ranga Rangasthalaana","Rahul Sipligunj"
"8BDrtvy0SNM","Tu Postura","Banda MS"
"8cQGzbu98HU","Merri Merri (Ledri Vula & Buta)","Ledri Vula"
"8gLAPMnad-A","Yaad Ni","Sarab Dhillon"
"8JFh3ooUv_k","Sev Achker","Tigran Asatryan"
"8MPbR6Cbwi4","Say Something (feat. Chris Stapleton)","Justin Timberlake"
"8nA-apwq0aY","Jaran Goyang","Nella Kharisma"
"8O3Sjl8jf-0","Ninogeshe","Nandy"
"8ORvJcpe2Oc","FIA","Davido"
"8q1NFlE17qs","Pineapple","Karol G"
"8vJHU2FUFTA","Warada Piligannawa","Sandun Perera"
"8Y5-GI9hYcI","Se Acabó el Amor (Abraham Mateo, Yandel & Jennifer Lopez)","Abraham Mateo"
"8zSRkr1nQNw","Be Careful","Cardi B"
"8_oE-iQeFeE","Amor de Verdade (MC Kekel & Mc Rita) (feat. MC Kekel)","MC Kekel"
"93u0gIDxbKI","Balsors","Giajjenno"
"9aJVr5tTTWk","ピースサイン","米津玄師"
"9ARu1i514Uw","Cabron","Deedz B"
"9bnn5xQrJqM","Ajshe (feat. Noizy)","ALTIN SULKU"
"9bZkp7q19f0","Gangnam Style","PSY"
"9cA9yYVYoTo","Bye Bye (feat. YOUNGOHM)","P-Hot"
"9EuFMZX6h4E","Mv ใจนึงก็เจ็บใจนึงก็รัก   ทองพูล feat เต็มนาวา3","--"
"9h30Bx4Klxg","Same Old Love","Selena Gomez"
"9jI-z9QN6g8","Te Bote","Casper"
"9ka0Q2im8eE","Casa de papel","SKG"
"9kPmPIJ99pQ","Visekari (feat. Shiraz & Påsan)","Bachi Susan"
"9rctnTTx4eA","Anao Tsara","Dadi Love"
"9RJvQ8fZFp4","Shuffla","Samir & Viktor"
"9RXbaMyDpLs","Зоопарк","Anelia"
"9SciUYMSnBs","Short N Sweet (feat. Nyashinski)","Sauti Sol"
"9Vh17XcyL9c","Потому что я влюблен","Шамиль Кашешов"
"9XaS93WMRQQ","Zombie","Bad Wolves"
"a-GQDCtt1Vk","Ju-Ju","Ленинград"
"a-lylxJggYw","Herz an","Beatrice Egli"
"a18py61_F_w","Tajdar-E-Haram","Atif Aslam"
"A3hfErUzjdg","Samo idi","Tropico Band"
"A3Iizt1-n98","4K TEXT เมาพร้อมพ่อ   เต็ม นาวา","เต็ม นาวา"
"aa2AhDaK_iY","刚好遇见你","Li Yugang"
"aA2OJLBukLI","Garun Garun","Tigran Asatryan"
"aCDKULGwsps","Karakudi Ilavarasi","Jassie Gift"
"AD9G8XbY1Eg","Sayang","Nella Kharisma"
"aHKgbc7-Jso","Noc Taka Czarna","Extazy"
"Aho8h_BYTO4","Duniya Dole Chhe Full Song","Vijay Suvada"
"aJEIGLrNDmU","Macchi Le Khane Kholi Ko Leu Ft  Priyanka,Saroj,Aashma","--"
"alu7e4TnyAA","Kwa Ngwaru (feat. Diamond Platnumz)","Harmonize"
"AM1t-BPinsk","Promets Moi","Daphné"
"Am4SHDwWbPA","Rolling One (feat. T3R Elemento)","Lenin Ramírez"
"am8roTnNQOI","Novinha Pode Pá (feat. Lucas E Orelha)","Iago Weslley"
"Amq-qlqbjYA","As If It's Your Last","BLACKPINK"
"ANfpF0pNob4","Aquieta Minh'alma","Ministério Zoe"
"anKhsmXf8bA","TAKANA ZION MASHUGUI INNA GALAXY","Takana Zion"
"ANvLQWFX_2o","Desculpa","Messias Maricoa"
"aNwWdF8qq-M","Raat Kamaal Hai (Guru Randhawa, Khushali Kumar & Tulsi Kumar)","Guru Randhawa"
"aTrWdWolWXs","Anh Muon Noi","Trinh Thang Binh"
"au2n7VVGv_c","Psycho (feat. Ty Dolla $ign)","Post Malone"
"ausm7Agez7Q","Lakalaka","Te Vaka"
"Avg0aZOInsE","Best Qaraam Song 2017","Hamda Queen"
"AwASp9hYJVw","DMND","Navv Inder"
"AxJnggKkerU","Ilegalno","Maja Šuput"
"azjyRuSZD4k","Verdammt lang her","Andreas Gabalier"
"aZla1ttZHaw","Freaky Friday (feat. Chris Brown)","Lil Dicky"
"b0e6Rd9Xv1M","Waily Ala Qalb","Mohammed Al Salem"
"B5AJA2UW_Ic","SAFWAN HALAC HABLAHA 2018","--"
"b6DPdaGTTRg","Lujmi Krejt","Adrian Gaxha"
"b6DPdaGTTRg","Lujmi Krejt (feat. Onat)","Adrian Gaxha"
"B6U0peGn4e8","Dayax Dalnuurshe  Hees Cusub (Kaska Cad ) official  Music Video  20171","--"
"B9Mi1-qn_PQ","Apelido Carinhoso","Gusttavo Lima"
"B9SisYiSBVw","Area Gaana","Ka Ka Bala"
"BbMu-H7i3D8","Faz Gostoso","Blaya"
"BcjoGIoErdE","Heyecanı Yok","Gazapizm"
"bd5m12UEHWI","Goyang Nasi Padang","Duo Anggrek"
"bD6ifecX6rs","Sobre Nós (Delacruz, Maria, Ducon, Luiz Lins, Diomedes Chinaski, Bk', Kayuá)","Maria Andrade"
"bd9gAjK6UVY","LYRIC_02750301_หมาวัด - ลำเพลิน วงศกร 【LYRIC VIDEO】","--"
"bFCVXPTJt_4","Engaged Jatti (Kaur B, Desi Crew & Kaptaan)","Kaur B"
"bkBMkeKSlO0","Hauwezi Kushindana","Goodluck Gozbert"
"BkPRZgk1LDs","Valahol Itt","Bagossy Brothers Company"
"BNHamTwxJ6Q","Warum hast du nicht nein gesagt (Roland Kaiser & Maite Kelly)","Roland Kaiser"
"bnVEGoQC4ss","Master Sina ft. Mok Saib - Hablouni  (Prod Dj Souhil)","Master Sina"
"BNwzpqszZDs",50,"Getinjo"
"bOYvpv8EYMY","I Fall Apart","Post Malone"
"BQ0mxQXmLsk","Havana (feat. Young Thug)","Camila Cabello"
"BqiBdwhSn7Y","Mehdi Farukh   Shokhak Farkhar OFFICIAL AUDIO","--"
"BsY5nNWldPI","อยากได้น้อง - ท๊อป มอซอ【 OFFICIAL AUDIO 】","--"
"BtLiJitQhUc","هنا هنا","فهد نوري"
"Btxj7Kq27YM","Já Não Sei (feat. Yasmine)","Badoxa"
"btxXHe2E4CQ","Patola (feat. Bohemia)","Guru Randhawa"
"BW6LuHPDNAY","#Делаемфлекс","Зомб"
"bX3S-_jUauc","Nena Maldicion (feat. Lenny)","Paulo Londra"
"bx5EVriXscE","Ma fille (feat. Namya Sidibé)","Mariko Baba"
"bxHm7X4ASMM","Nincs Több Romantika","Barbara Opitz"
"BXMfqpzZ28Y","Beau","Irina Rimes"
"bxtOtl7CpnY","Quisiera parar el tiempo (feat. Demarco Flamenco)","MAKI"
"bY2DhGp7tH0","JIGARY Yaar 4K FINAL YOUTUBE 19 APRIL","Soni Dhillon"
"BZT8jqsc8lQ","Your Spirit (feat. Kierra Sheard)","Tasha Cobbs"
"bzW9fmwcmG4","Daru Badnaam (Kamal Kahlon & Param Singh)","Kamal Kahlon"
"C01zDmEsSrk","Usted (Juan Magán & Mala Rodríguez)","Juan Magán"
"c1ku7yB6LXE","Bhijei Dei Jaa Thare","Human Sagar"
"C6utFMbCN_4","Aseda","Ebony"
"c8FTDmwtEj0","Popkorni","JVG"
"C9F6Or6jsXo","NIČ NENI NÁHODOU (feat. Reunion)","--"
"CcnNguA4x9I","Bez tebe me nema","Saša Kovačević"
"CCYvci4THzQ","Laali Laali (Sathyaprakash, Pragathi Durgaprasad & Mohamaad Ghibran)","Sathyaprakash"
"cDq1vUwM21k","붕붕 (feat. Sik-K)","김하온 (HAON)"
"CFwm3Vi66A4","Thank You","Stan Walker"
"cgSxTfQIdkM","Cupido (feat. Quavo)","Sfera Ebbasta"
"CjxugyZCfuw","This Is Me (The Greatest Showman Ensemble & Keala Settle)","The Greatest Showman Ensemble"
"Ck4xHocysLw","Única","Ozuna"
"cK63XuJMPvo","Rasathi (Liya Susan Verghese & Vineeth Sreenivasan)","Liya Susan Verghese"
"CKhLVMqJ7p0","Setz Dich (feat. Gzuz & AK Ausserkontrolle)","Kontra K"
"CKUOWQlv7Oc","You Let Me Down ฐา ขนิษ ft  ท้าวคำสิงห์","--"
"cLTXQxiQPgE","Ek Do Teen","Shreya Ghoshal"
"CmUFNV0s4uI","Karuthavanlaam Galeejaam","Anirudh Ravichander"
"CNmwkag1uqE","गारंटी है ऐसा डांस नहीं देखा होगा सपना तू चीज़ कमाल  की || New Live Dance 2017","--"
"cnR1Yj7NIgE","Yêu Anh Cứ Để Em Beat","Song Thu"
"CowqvssinfU","Meskipun Kau Tahu","Projector Band"
"CPiuYxiyM_c","Dellani (feat. IN-S)","Cheb Bachir"
"csA3Ie-VIbs","Neymar (feat. Ufo361)","Capital Bra"
"CtEHrcA8dKc","Particula (DJ Maphorisa & Major Lazer) (feat. Patoranking, Ice Prince, Nasty C & Jidenna)","DJ Maphorisa"
"CTwiB1uw9sQ","Drunk Groove (Maruv & Boosin)","Maruv"
"ctx_yAwy4BU","Power (feat. Lumi B.)","--"
"CT_RxuDdyRA","Mudahnya Kau Berubah (Official Lyric Video)","Yazid Izaham"
"cuVTfVaAD18","Süda taob (Liis Lemsalu & Ott Lepland) (feat. Ott Lepland)","Liis Lemsalu"
"CX11yw6YL1w","Ashes","Celine Dion"
"cZ1ab6JWJCs","Mana Zina (feat. Laila Chakir)","Mo Temsamani"
"CzYC478U2HE","جيناك بهايه","Ghazwan Al-Fahd"
"d59ADlwvJQY","Ksazobalit","Cassper Nyovest"
"DaqffTQjDKM","BRAMMM 2018","ANELIA & DZHULIA"
"DBw6hwMlw74","Jogodo","Tekno Miles"
"dc89yyOS0Z8","Medicine","Queen Naija"
"DdLYSziSXII","WAKE ME UP","TWICE"
"DI57uctvh2U","Shantidope (feat. Gloc-9)","Shanti Dope"
"di8TMOVmQro","Foreign (Falz & Simi)","Falz"
"DkeiKbqa02g","One Kiss (Calvin Harris & Dua Lipa)","Calvin Harris"
"dkP-_xYLjq8","Namak Nomati","Chathura Warnasekara ft Shanika Madumali"
"DLGfxc3eTNw","Lie To Me","Mikolas Josef"
"dMa3-TTGb44","Nem Tudja Senki","Follow The Flow"
"DnAIfx1guTk","My Way","Lee Soo"
"DNdLFbEZC2Y","Hurtin' Me","French Montana"
"DPxL7dO5XPc","Esskeetit","Lil Pump"
"dRX0wDNK6S4","Heaven","Kane Brown"
"dsT-D8pftZI","Sudu","Milinda Sandaruwan"
"dUaCEs3HfdI","Buzz (feat. Badshah)","Aastha Gill"
"DuPFBprNjcQ","Att Karvati (feat. Bling Singh)","Anmol Gagan Maan"
"dwhLpgLqbco","Damla - Firtina (Klip, 2018)","Various Artists"
"dZ0fwJojhrs","Lahore","Guru Randhawa"
"dZZsAlPQoCA","Ça va te tuer (feat. Minks)","DJ Kenny"
"E7i-prhDw9A","Catalina (feat. Paloma Pradal)","Taiwan MC"
"E9FqsxyT1I8","موسيقى مسلسل ارطغرل","--"
"eABViudPBFE","Yentha Sakkagunnave","Devi Sri Prasad"
"eAQh6SDsdnA","8 kobiet","Taco Hemingway"
"EatzcaVJRMs","Tera Yaar Hoon Main (Arijit Singh & Rochak Kohli)","Arijit Singh"
"eCkBdziK5RM","Круче всех (feat. Open Kids)","Quest Pistols Show"
"EedPfUeBf2A","Más Fuerte","Greeicy"
"Eg4LUvUjUWI","La Cintura","Alvaro Soler"
"EGYOFuHE6Wg","Sitrany solo","Tence Mena"
"EH3M8CYTi_s","Ennai Kollathey (Kumaresh & Keshini)","Kumaresh"
"EHw005ZqCXk","ノーダウト","Official髭男dism"
"ejvpVhvKesM","3 Daqat (feat. Yousra)","Abu"
"ekDzlSB1p28","We're Different","Da Zhuang"
"EnNIVoNf68U","Babatchai","Serge Beynaud"
"EnuRjXZUOB0","Ikke mere mælk","Mika & Tobias"
"EP9E_VpSUro","Turist","VIA Marokand"
"eqYxVsEaypk","Un Poco","Ninho"
"eR1S6seBNLA","Gia Paradigma","Nikos Oikonomopoulos"
"ERYB_s63SjM","Play","Kofi Kinaata"
"eUZdR0G20Qs","Una vita in vacanza","Lo Stato Sociale"
"eVmxh5Uft0Y","Colors (Jason Derulo & Maluma)","Jason Derulo"
"eVxNksC88_U","Original Sabahan","Atmosfera ft. Floor 88"
"Ewsdap--I7c","ឆ្នាំច ៥ឆ្នាំ Bonnphum Chnam Chor Pram Chnam","Smallworld Smallband"
"eXHH6UX-mh0","Нурлан Насип   Мектебимди сагындым","--"
"eZBe_HdsFnw","S'ka dashni","--"
"E_CEZO5fUrM","Beetje Moe","Kevin"
"f0bbDFRYD_A","changes","XXXTentacion"
"f0vs8J_hex0","Irraggiungibile (feat. Federica Carta)","Shade"
"f0wbnQw89J0","シンクロニシティ","乃木坂46"
"f1qz8vn3XbY","Ghar Se Nikalte Hi (feat. Armaan Malik)","Armaan Malik"
"F7n8Szu4m5s","Fatalna Doza","Aco Pejović"
"fC6YV65JJ6g","La même (feat. Vianney)","Maître Gims"
"FCjbx1GDNmA","Mônica","Kyako Kyadaff"
"fcwkAnXL53o","เลือกใผใจก็เจ็บ","--"
"fdh3Thhr3T4","Ceasul","Nicole Cherry"
"FDs6dADBmI0","Loco (feat. Dopebwoy & Poke)","Yung Felix"
"Femsd8kTRmk","Lete Pare","MC Stojan"
"ffxKSjUwKdU","No Tears Left To Cry","Ariana Grande"
"FglhexSxRog","Uça Uça Gelerem","--"
"fGqdIPer-ms","Walk It Talk It (feat. Drake)","Migos"
"FH2QsiBixe4","African Beauty (feat. Omarion)","Diamond Platnumz"
"FHvoM4tDdK0","Kivuruge","Nandy"
"fIKSmxodTx0","Na","Mahlet Gebregiorgis"
"fKopy74weus","Thunder","Imagine Dragons"
"Fl1-q9ywW2M","По такива си падам (Emilia & Емрах)","Emilia"
"FLGFAYywDjU","ترويج اغاني و اغاني 2018   رمضان 2018","--"
"Flo87YCu0K0","Absans Ou","Rayy Raymond"
"FOLM38CnqhY","AMGVSQ7AUDI","Stefan Đurić"
"FOu4F7jx3Go","السميح","Mayada Qamaruddin"
"fpLATmHBx5Q","Гледай ме на снимка","Emanuela"
"FQVYaX2rBAo","SOFIANE","Boef"
"FtDaTXg1wOs","Good Morning Teacher","Atom Chanagun"
"fTNYZEprlXw","МИРБЕК АТАБЕКОВ НУРМАТ САДЫРОВ КАРАГАТ КОЗ","Мирбек Атабеков feat. Нурмат Садыров"
"fvGFis2abL0","Thelo Na Se Xanado (Mi Gna) (feat. Panos Kiamos & BO$$)","Super Sako"
"FvR0PUXKhrg","Jackpot","The Motans"
"FWpHN9v8uu8","To My Love (Tainy Remix)","Bomba Estéreo"
"FXiaIH49oAU","Entammede Jimikki Kammal (Renjith Unni & Vineeth Sreenivasan)","Renjith Unni"
"FzG4uDgje3M","Dame tu Cosita (feat. Cutty Ranks)","El Chombo"
"FZogDOXZlTE","Миллион алых роз","Егор Крид"
"f_tzCYI6byY","Aku Takut","Repvblik"
"G3diF-5DlAc","No Querías Lastimarme","Gloria Trevi"
"g45mBGGVNN8","Bileten","Kida"
"g4HDfqEWf6Y","Oh Humsafar Song (Neha Kakkar & Tony Kakkar)","Neha Kakkar"
"G6NVgixlJtg","Olisitpa sylissäni","Antti Ketonen"
"g6pHFWToZLo","Koka Koka","In Vivo"
"g7AurPS8-kM","Tumi Jodi Bolo","Kumar Bishwajit"
"G7RW-KVDeEo","YEAH BABY","Garry Sandhu"
"g8psa0UBZKA","Pesadão (feat. Marcelo Falcão)","IZA"
"GarxLtaNYCU","אחרי הכל מתגעגע","איתי לוי"
"garZAbhqOWI","Wonderland","C-Bool"
"GBdClafpLrI","Сделай громче","Макс Барских"
"gbPyFvAl4w4","Inviolable","Popcaan"
"gdjR2lvIfJ4","Rewrite the Stars (Zac Efron & Zendaya)","Zac Efron"
"GDy_1muVhyI","Vasif Azimov Derdimi Dinle 2017 YENI","Various Artists"
"gFOvk05d-Fs","BROI DO 12 2018","FIKI"
"GgCJOH99hDM","Madar Shohar","3 Brothers Khodaverdi"
"ggJMQHltiQc","Diamond","Gurnam Bhullar"
"GGkpcLTfWeA","Kal Bekal","Bisrat Surafel"
"ggoeWxrJTY4","Oru Kuchi Oru Kulfi #TheSelfieSong (Gana Vinoth & Saravedi Saran)","Gana Vinoth"
"GhMB3BxRgyg","Mecanik Mo Leker","The Prophecy"
"ghSQz2BcDQU","Lullaby (Sigala & Paloma Faith)","Sigala"
"GIGVB-TYVE0","Pega","Tsean"
"gJX2iy6nhHc","灰色と青 (feat. 菅田将暉 )","米津玄師"
"GmHrjFIWl6U","Corazón (feat. Nego do Borel)","Maluma"
"gOsM-DYAEhY","Whatever It Takes","Imagine Dragons"
"gQobgKsTzhU","Drip (feat. Dopebwoy & The Leafs)","SFB"
"GQUkoEFNx0Y","Kelshi Kataet Wieay","Mahmoud Al Turki And Mostafa Alabdullah"
"GRs6lotMpAo","KHADAR KEYOW HEESTII DOORSI MUSIC VIDEO 2018 BY SETWAD STUDIO 4k","--"
"gtLuCdf3VYU","Os Opostos se Atraem","MC Don Juan"
"GwDQZp6TTIc","Esson baariin","Poju"
"GwVz3-ErNm8","ปล่อยไปตายโลด","ธัญญ่า อาร์สยาม"
"GWWHI7SE0KQ","Rangamma Mangamma","M.M. Manasi"
"GXlvucliv-E","final","--"
"GYQ1I0-TcTI","Slowly","Meddy"
"H-GcBqW_Jt0","Aklım Gider Aklına","Can Yüce"
"h3oUC_tJRsg","Pem Pem","Elettra Lamborghini"
"H5WnG5jp7V0","Grattanhou","Safarel Obiang"
"H65ZMBbaBL4","Nössö (feat. Vesa Jokinen)","Petri Nygård"
"h6DwAox2hF8","Stay So","Busy Signal"
"h9gH5jVGx38","Kitadi feat Locko (feat. LOCKO)","Shado Chris"
"hA6fcqW4Bic","過客","阿涵"
"hatTHU5sQKU","Volta Só Já (feat. Lil Saint)","Cláudio Fénix"
"havgvFqO_KQ","Taaban Hail","Ali Saber"
"hbJu8AZm8Hk","Hərdən","Miri Yusif"
"heNYBivbt-M","ÜBERLEBT","Azet"
"HfRZ67HSDdA","Black Star (feat. Karina Koks & Igor Krutoy)","Тимати"
"hHAatwkY-6Q","Zelelaye","Micky Gonderegna & Yared Negu"
"hHqslAeX6KY","kiff no beat feat Sidiki Diabate  C'est Pas Pareil finale","--"
"HJivV48BpCU","Tsy Sahy","Mage 4"
"HjKeo3srtvk","Rambo","G-SHYTT"
"Hka7csvMOEQ","Alidor","Koffi Olomide"
"HLaisSgXq48","MATRANG – от Луны до Марса  Jarico prod","--"
"HLRaD7ZwAJk","Vamo a da una Vuelta remix (Quimico Ultra Mega, Bryant Myers & Black Point)","Quimico Ultra Mega"
"hOFnVUxDll4","Char Bangdi Vali Gadi","Kinjal Dave"
"HoKAPh9uRcM","Debesis iekrita tevī (Musiqq & Brainstorm)","Musiqq"
"hoWCYpxWYxM","ТРИМАЙ","NK"
"hqJayni4mTU","Solo (feat. Lary Over)","Amenazzy"
"hQU_pgyCL6k","Bob Marley","Dadju"
"HS-IGKUksog","Opary (feat. Paluch)","Kali"
"HsMFcQlxwKs","HÔM NAY TÔI BUỒN | Official MV | Phùng Khánh Linh","."
"ht0xDKCgfps","El Secreto","Miguelito"
"hu081OZ8qLI","Everything You Say","Beatrich"
"hx5my8qv8Tg","See You Again (feat. Charlie Puth)","Wiz Khalifa"
"HxTYReOlLkc","Şehrin Yolu (Feride Hilal Akın & İlyas Yalçıntaş)","Feride Hilal Akın"
"HXYOYUu7W9g","KYARE MALISHU","GAMAN SANTHAL"
"HyVFTLdc6w8","Panamera (feat. Aspy)","Lino"
"i-2TEee1OsQ","Bella bionda (feat. Daniele De Martino)","Francesco D'Aleo"
"i0p1bmr0EmE","What is Love?","TWICE"
"IaW3TTCHL4Q","Di Matamu","Sufian Suhaimi"
"IcQ5PcL_DZk","Кво става брат (安潔兒 & Suzanitta)","安潔兒"
"IcQ5PcL_DZk","Кво става брат (앤젤 & Suzanitta)","앤젤"
"IcrbM1l_BoI","Wake Me Up","Avicii"
"If-gutNNM6o","Sudu","Milinda Sandaruwan"
"IfpvdHhIRIg","An Wunder","Wincent Weiss"
"Igbz0VI_4l0","Sudu","Milinda Sandaruwan"
"IHjV0kzFKG8","AKWAABA (Patapaa, Guilty Beatz, Mr Eazi & Pappy Kojo)","Patapaa"
"IHlEsRilD3U","Mama","Stefan Đurić"
"IK2lUYyU75Y","Aliv","Big Gee"
"Il-an3K9pjg",2002,"Anne Marie"
"IlkBLwl4aBM","In My Blood","Shawn Mendes"
"imkn012hJbw","Атиргулим","Божалар"
"iok9haA3Wts","Complètement Sonné","KeBlack"
"IPfJnp1guPc","Young Dumb & Broke","Khalid"
"iPGgnzc34tY","Djadja","Aya Nakamura"
"iPimqm8a1Nk","Kalyaana Vayasu","Anirudh Ravichander"
"IqAYUuLnjnE","Dancing on Our Own (feat. Joel Akoustik)","Ayiiti"
"IREMfbQuad4","Para Bizde","İzmirli Taylan"
"iSwzWezikNM","On Bann","Trouble Boy Hitmaker"
"IUiei0yqlas","Мелодія","The Hardkiss"
"iv_3njld6zQ","Bloxk Party (Sada Baby & Drego)","Sada Baby"
"IwJ0xHIYsg4","Gappi","Preet Hundal"
"iwKfcvvDW7M","Thru the Storm","T.E.C."
"iWZmdoY1aTE","Happier","Ed Sheeran"
"iyI9RMkEzbQ","Ao Vivo E A Cores (Matheus & Kauan & Anitta)","Matheus & Kauan"
"i_cGXiIDA4U","Пустите меня на танцпол","HammAli & Navai"
"J-6m2NypuCg","Áo Mới Cà Mau","Duong Hong Loan"
"J2Ra63wi5gE","Romance com Safadeza (Wesley Safadão & Anitta)","Wesley Safadão"
"J3TL0D32A7o","Jusqu'à La Gare","Daphne"
"j6CUfl4aX9s","No Te Creas Tan Importante (En Vivo) (feat. Viru Kumbieron)","Damas Gratis"
"j6N4y1T5fH8","Motel","Azis"
"j7_lSP8Vc3o","I Am the Best","2NE1"
"JaPwLN5-21o","Lagano","Challe Salle"
"JcjZPBN2MXE","É Zonban (feat. Djodje)","Elida Almeida"
"jcWmC1oa4KQ","Vay Delikanlı Gönlüm","Veysel Mutlu"
"jD44m6CDiJY","Ou fè'm anvi viv (feat. Vanessa Desire)","Toby"
"jFBJnbTW_z8","Medina","Jah Khalib"
"jG2YdnrYFdo","You","멜로망스(MeloMance)"
"JGwWNGJdvx8","Shape of You","Ed Sheeran"
"JhbIQ-81g4I","Senin İçin Değer","Koray Avcı"
"jITE8Dn1cyI","Ideme Ďalej (feat. Rytmus)","Ego"
"jiWrLE-wDQk","שמישהו יעצור אותי","עדן חסון"
"JiZBo9iZnIE","Faramareen (Wally B. Seck, Le Raam Daan & Wally B. Seck)","Wally B. Seck, Le Raam Daan"
"jJE5IrYZCIw","gwm","GwMOfficialMusik"
"JjTMeokSubs","HIOKO TOBELO 2","Yopie Latul, MCP Sysilia, Cevin Syahailatua"
"jjuSfhYiup8","Bella (Wolfine & Maluma)","Wolfine"
"Jkf1mG0YYU4","Mi parli piano","Emma Marrone"
"Jl5C4lwYX_0","Zůstaň tu se mnou","Kryštof"
"jLCHpZ6B1gU","You Make It Easy","Jason Aldean"
"JleuKKaBbds","Give Me Love","Ed Sheeran"
"jL_OuKv77GY","Mehdi Farukh Dokhtar Sheghnan","--"
"jnJdXj3P26M","Ramadan","Maher Zain"
"joDx2AL_tm4","حمادة H2 - جاوبني (حصريآ) | 2018","Hamada H2"
"JQGRg8XBnB4","BBoom BBoom","모모랜드(MOMOLAND)"
"JRE-30sKXqs","בוקר טוב","Omer Adam"
"jSlQS1WpOGI","Samo se nocas pojavi","Magla Bend"
"JwmAUcod5q0","بدنا نولعها","Fares Karam"
"JX0YVWwsDTc","Aqilah","Floor 88"
"JyqD_zfXfi8","Me Niego (feat. Ozuna & Wisin)","Reik"
"JZ9pHBEUWPo","Never Enough","Loren Allred"
"jzD_yyEcp0M","Friends (Marshmello & Anne-Marie)","Marshmello"
"J_CFBjAyPWE","Bad Boy","Red Velvet(레드벨벳)"
"j_LrXZbOAWQ","Держи","Дима Билан"
"K-htQfoHAOc","Blēņas","Aija Andrejeva"
"K12GyVSJ_-A","Oniro Mou","Gianna Terzi"
"K9zH0fscsfk","Ayeh","Mojgan Azimi"
"kacHLh3fPpg","Meduza","MATRANG"
"KCfGih2HhJI","Farkımız Var","Hadise"
"kD1GQsTBiTA","Faut pas me toucher","Singuila"
"KdeuwsEgqRo","AADHAR CARD","--"
"kfXdP7nZIiE","Waiting For You","Jay Chou"
"kGbFw4eMdiM","Deixa eu te Chamar de meu Amor","Dodo Pressão"
"khw2B0Pg1eo","Moments gâchés (feat. Satori)","Kalash"
"kIsRmVAfyrc","Celsi i zemres","Xhensila"
"kJQP7kiw5Fk","Despacito (feat. Daddy Yankee)","Luis Fonsi"
"kJxtuw-P1uU","Nie / nie","Otsochodzi"
"Kk-nsyAPUs8","Mode Avion","Kalash"
"KMF_iV2cVTA","Koupab (feat. Tjo Zenny)","Baky"
"KmmvuYFItOE","Belle-Île-en-Mer, Marie-Galante","Vaiteani"
"KntiVBvM40s","Levererat","Aden x Asme"
"KO111XkVW2w","Oh Olsun (feat. Demet Akalın)","Ömer Topçu"
"kOH-VGT23Wc","Acerta | Official Video | Kizomba","Jennifer Dias ft. Mika Mendes"
"KQo6IjbnOHc","نسناس الهوى I كلمات تركي بن حسن العاطفي I أداء فلاح المسردي","--"
"kqxIMajk_Fo","Pellumb Hajdari - Qingji","--"
"KUHymwF25lU","عيسى المرزوق | اخر حبه","--"
"kutk2XHEZNU","Desaccorde","Vald"
"kv9mXZguahI","Атомы","Alexandra Cabrera"
"kxYBEnrtgEc","Piraci","Kali"
"kz5jyjnWAuw","O CHERI","Sadman Pappu"
"L-rhGB5x8qQ","ห่อหมกฮวกไปฝากป้า (feat. เต๊ะ ตระกูลตอ)","ลำเพลิน"
"l205wwjGzz8","Pirata e tesouro (Ao vivo)","Ferrugem"
"l2BVbLvmyAo","Ey Vay","Joelle Ferrando"
"L2n3lBHiZRs","Bum Bum","Yemi Alade"
"l3XIJgA8OZk","Black","GAZIROVKA"
"L52OORU3ick","VIP","Creol"
"LBKuHpJprVI","Вдвоём (Максим Фадеев & Nargiz Zakirova)","Максим Фадеев"
"LCcagCLlSxI","Geto Princeza","Elena Kitic"
"Ld4J_JWeGY0","Galy Anta","Saif Nabeel"
"LDfVUGh7dhs","Faraó Não Vou Te Deixar","Mais Kizomba"
"Lez48XNEViM","ТоТо Н   Чужди Усмивки 4к final","ToTo H"
"lgJOJAmXlBw","Envolvimento","MC Loma e as Gêmeas Lacração"
"LgtUIqMoApc","Nadie ha dicho (feat. Gente De Zona)","Laura Pausini"
"lHAWwzKIZ6I","Achkna rah fi khatar","Hichem Smati"
"LHey3FIyujQ","Diamond League","--"
"lhnmVSB-Rxc","Ghazali","Saad Lamjarred"
"LJPN3GZhP0U","Dor de Cotovelo (feat. Messias Maricoa)","Filomena Maricoa"
"LNUjYYh8GBw","AMEN (feat. Monika Bagárová)","Jan Bendig"
"LNY3HZ2UYjU","Touch Me","Mel"
"LOYAomlRbxI","Madura (feat. Bad Bunny)","Cosculluela"
"lrKZhiGUCRo","Amour Sop Sop (feat. Aly 100son, Levi Bobo & M'balou Origina)","TRIO DE CHOC"
"LryQJ25CnKU","El Anillo","Jennifer Lopez"
"lsnY0aP7DL8","Yebet Sira","Bisrat Surafel"
"ltdP1sTPJe0","Folirant","Seka Aleksić"
"LTl7yFgyxPs","Baby Girl (feat. Lil Wayne & Beyoncé)","Wizkid"
"LxkH4CpAcXg","Best Part","Shortpree"
"lXkWJ0IuQ38","Slowly","Richie Campbell"
"M-9cx1cPkcg","Mamacita (feat. Fero)","Sparksi ft. Fero"
"m-J1KpVMvlw","4KFULL2 เธออายใครไหม   แทมมะริน","วงแทมมะริน"
"M-k1xbXVX1I","CHINCHILLA (feat. KC Rebell & Capital Bra)","Summer Cem"
"m0KWvm7Rshg","SELFIE FOR YT","--"
"M3mJkSqZbX4","The Middle (ZEDD, Maren Morris & Grey)","ZEDD"
"M4RZ3Z8MFcg","Akthar SHakhs Yhibak","Rashed Al-Majed"
"M4ZoCHID9GI","Call Out My Name","The Weeknd"
"m5qXr9lLdwA","Il est où le bonheur","Christophe Maé"
"madsiEmiEZo","Jigelu Rani (Rela Kumar & Ganta Venkata Lakshmi)","Rela Kumar"
"MAjY8mCTXWk","If You Don't Love Me, It's Fine (不愛我就拉倒)","Jay Chou"
"MBdVXkSdhwU","DNA","BTS"
"Mc9jE1O4A4U","I love You","Youness"
"MdQINUBlPno","Only You Jesus","Ada"
"mENNt91fTes","AmaBlesser (Mlindo & Mlindo) (feat. DJ Maphorisa)","Mlindo"
"Mez5nSQ4j8M","Gela Mou","Petros Iakovidis"
"MFssIe5b-Og","Mafia (Jala Brat & Buba Corelli)","Jala Brat"
"MGBBnM8s9D8","האם להיות בך מאוהב","Eyal Golan"
"mgdHEWq5XJ0","Confesso","MC Elvis"
"mGq5WxTVBnI","Paranoïa","Redone Berhil"
"mIldULVLN3I","When We’re Old","Ieva Zasimauskaitė"
"mK9C6wViwn4","Chuttu Chuttu (Shamitha Malnad & Ravindra Soragavi)","Shamitha Malnad"
"MN5jMqqv8VI","கும்பகோணம் கொழுந்து வெத்தளய என்ன கிள்ளிபாக்குரியே kumbakonam kolunthu Ilayaraja gramiya padal","--"
"MNrA69ID76U","Dance You Off","Benjamin Wahlgren"
"moqoGqMkAcg","Kisah Ku Inginkan (Siti Nurhaliza & Judika)","Siti Nurhaliza"
"MQNPNVOQ6bo","สิงึดติ","เต๊ะ ตระกูลตอ"
"Mqo8Dz7IZp8","O Vasumathi (Rita & Yazin Nizar)","Rita"
"mQr7XemLs8s","Propaganda","Jorge & Mateus"
"mRyuWVDSLvU","Meduza","MATRANG"
"mtgPRDRBGdk","5 Songs in einer Nacht","Capital Bra"
"MTNPQYt0NvI","Amor Falso","Aldair Playboy"
"mvHzpuRBxJY","Real Guerrero","Secreto El Biberon"
"mVljHyHNTNo","Ready (feat. Strapo & Separ)","Rest"
"MVqtFr9U_eQ","Don't Stop (feat. DJ Zaya)","uka"
"mVutD41HaDs","Mera Chand","Sapna Chaudhary"
"MWnIMCBbL2Q","Me Fascina","Jd Pantoja"
"mzB1VGEGcSU","Lucid Dreams","Juice WRLD"
"M_YO5q6YB6E","Mama (feat. Sidiki Diabaté)","Black M"
"N0OLEgc-Glk","Zoutelande (feat. Geike Arnaert)","BLØF"
"N2-HsIYd0Go","Mile Ho Tum (Tony Kakkar & Neha Kakkar)","Tony Kakkar"
"n2hJA78YuWw","Miłość w Zakopanem","Sławomir"
"n2TBNpQAAjo","Desi Desi Na Bolya Kar (MD, Raju Punjabi, KD & Vicky Kajla) (feat. Vicky Kajla)","MD"
"n409BWBPoCs","Маргаашийн Нар луу Хамт Аялах уу?","uka"
"N7k1WTOVYuA","Paralisa (MC WM & MC Loma e as Gêmeas Lacração)","MC WM"
"n92qIk6nU84","Teeje Week","Jordan Sandhu"
"n9VA1_I0nqY","Balezina","Askenaw Alemu"
"nbsZAIkG9Hs","Buzunarul Meu Vorbeste","Florin Salam"
"NC2KmqwR9b4","Potkal Jsem Tě Po Letech","Chinaski"
"ND5KzS-cyBY","I Wanna Fly (LV Revanth & Sanjith Hegde)","LV Revanth"
"ndtti184CfM","Daja","Ervis Behari"
"Nf0LsVe3rH0","بندر بن عوير - منحرم وصلك ( حصرياً ) | 2018","--"
"nhs0fuubs1I","INTOSTREET","LIBERATO"
"Nh_iSHsVsPA","Hello","Kes"
"nidQCt_HEsY","I Got Love (feat. Рем Дигга)","MiyaGi & Endshpiel"
"NIm66NhJsmg","Kekasih Bayangan","Cakra Khan"
"nMqaGQpbiVQ","Lil Craney","Kraantje Pappie"
"nO4mDiJRH6Q","Tu Canción","Amaia y Alfred"
"nP8ZVJxiJlU","Te Amo (feat. Paulo Londra)","PISO 21"
"NPHW2Co-bZQ","Slide","FBG Duck"
"NpKD379eRy8","Menunggu Kamu","Erdian Aji Prihartanto"
"NPQn3oZcCPQ","Slide Thru (feat. Jerry Good)","Cashmere Cat"
"nQ1mmVG-G1g","Genie","YoungBoy Never Broke Again"
"nqzIQh2D_Es","Trending Nakhra (feat. Ginni Kapoor)","Amrit Maan"
"nsea3jqPBi4","Rahti Al Nafseya","Ali Jasem And Mahmoud Al Turki"
"NtccSFkAhrM","Mi Gna (feat. Super Sako & Spitakci Hayko)","Maître Gims"
"Nu2yQ1zYDYU","Shine (빛나리)","펜타곤 (PENTAGON)"
"NV-3s2wwC8c","Look Alive (feat. Drake & Drake)","BlocBoy JB"
"nWVuhwSl6s8","Oks Lang","John Roa"
"nxtIRArhVD4","Booty (feat. Pitbull)","Jennifer Lopez"
"nyvVZczfD8o","Duro y Suave (Noriel & Leslie Grace)","Noriel"
"nZ8oA9-OQrg","Я тебя люблю","Алексей Воробьёв"
"nZbUcmvW4TA","지나오다","닐로(Nilo)"
"o3lohh-TVJA","Tagpuan","Moira Dela Torre"
"O9gTPtElXhY","عشك موت","Saif Nabeel"
"O9P1g9q1JtM","Teré teré","Toofan"
"Oa4klaedx0g","Kryptowaluty","Taco Hemingway"
"oal-MQkUoy8","Vasilias Tou Kosmou","Vasilis Dimas"
"oas2-PMa-wA","Mi Senti (feat. Naki)","Hishigdalai"
"oc1GryBs-4g","Sikomi","Diamond Platnumz"
"oCNRiaLOB5w","Vals","Smiley"
"OCx9npXQzFk","เคยฮัก","รุ่งนภา แสงศิลป์"
"ODZlXQkq5uU","Sounkouroumba","Azaya"
"oe2j5ytsRlY","Let’s go","ZEAL"
"oeFNlIeQAro","Sayang 2","Nella Kharisma"
"OfrbxBevn44","Hijo De La Noche (C.R.O & Duki)","C.R.O"
"OgPYtQ_r32g","Faut pas forcer","Safary"
"OGX-ny-3ztI","Simsiyah","Mustafa Ceceli"
"oH6F7OYGCp8","ילדים כאלה","עדן חסון"
"OJCkO1w9JoY","La La Laletta (Unplugged)","Prarthana Indrajith"
"OjkfOX-g6Js","Italiana (J-Ax & Fedez)","J-Ax"
"oKAu2taqZFk","MV Đừng Ai Nhắc Về Anh Ấy","Trà My Idol"
"OL9SO0byhLY","Bana Ne","ikikardesh"
"OLHyg6UbHBM","Nikumbushe Wema Wako","Angel Benard"
"OM0yBT8T5pU","Splinters","Shal Marshall"
"oM9jD24d234","I'm in love","Wally B. Seck"
"Omyn8ZEsbfs","Зелёные волны","Zivert"
"oRdxUFDoQe0","Beat It","Michael Jackson"
"Orr0qrynJV0","Money","Toofan"
"oSzfaKorv4Y","Wamona","Nagrelha"
"OTet65s-owI","Candan Keçər","Balabəy"
"owHwDeUDiog","Preach","YoungBoy Never Broke Again"
"oY3XxNpRuu0","Fnaïre - Siri Siri (EXCLUSIVE Music Video) | (فناير - سيري سيري (فيديو كليب حصري","Fnaïre"
"oyodvRsWlAA","In Lipsa Ta","Jo"
"OZY1aG2VkAg","Mundo","IV OF SPADES"
"p0Wf0ZOmaVA","RESIM-PITIA","SHYN"
"p2GUbgccgcw","Stin Kardia","Themis Adamantidis"
"P3PsOFyNQp4","Luar Biasa (feat. Alif)","Ismail Izzani"
"p4ljo8KpBkM","Mannequin (feat. Naza & KeBlack)","Fally Ipupa"
"p5aGdpqNO8w","Legbegbe","Mr. Real"
"p5L-rolM2WE","Op Je Hoede (feat. Hef & Moeman)","Josylvio"
"P8OPg99gDUs","Maman (Stephane Legar & Itay Levy)","Stephane Legar"
"pd3eV-SG23E","Here, After, Us","Mayday"
"Pgd_Tgi-pbQ","1942 Flows","Meek Mill"
"pgN-vvVVxMA","SAD!","XXXTentacion"
"PIx4nWADQWk","حشاك من الصدك","بسمان الخطيب وخالد الحنين"
"pjTj-_55WZ8","These Days (feat. Jess Glynne, Macklemore & Dan Caplen)","Rudimental"
"PKxNPuSh_qw","Xabiibi","haniyeeta"
"PlUcE97Dl9s","FANE SPOITORU (feat. Keed)","Lino"
"PM_KXpftbhA","Yomonsan","Janob Rasul & Begzod Ismoilov"
"pn6M7_L1JbQ","Sodakku","Anthony Daasan"
"pPRL4BmNaM4","Siyé (feat. MC Smile)","DJ Moh Green"
"pptgMvp9uf8","Inimă Nebună (Mira & DJ Project, Bernd Havixbeck) (feat. Mira)","Mira"
"PS3QXIV1dS4","Es Aranc Qez","Gagik Grigoryan"
"pSQk-4fddDI","A Million Dreams","Ziv Zaifman"
"pTfwEOauyKo","FOLIRAŠ","Lapsus Band"
"pTswjIFwNX4","Antecedentes de Culpa","Alfredo Olivas"
"PUdyuKaGQd4","No Roots","Alice Merton"
"Pw_AluJ1P2E","Leyla (feat. Makvin)","Jah Khalib"
"Px3s5DbDYxY","El Papel Part 2","Romeo Santos"
"PZqRgT85E0Q","Ma Chérie","Butrint Imeri"
"p_IwENcMPOA","Marry Me","Thomas Rhett"
"Q0d_AiT74_A","Palangiya Ae Piya","Wave Music"
"Q3sS5v2kQQU","Full Song - Pawan Singh - Aamrapali - Superhit Film (SATYA) - Bhojpuri Hit Songs","Raate Diya Butake"
"q5zBaNFUQ9A","Kol Myliu","Ieva Zasimauskaitė"
"Q5_-ub_nvtU","Ai Khóc Nỗi Đau Này","Bảo Anh"
"qag4ewos4TE","ともに","WANIMA"
"qbN7DtPAKQo","Oporadhi⁩‭","Prottoy Khan"
"qeU4D1SaFQA","Polovina","Ka-Re"
"Qg5AOvdqq2o","Do Niej Coś Czuję","Mig"
"qGrrCee8pb0","Kevät (feat. Pihlaja)","Adi L Hasla"
"qGRt_t24jjI","Nic Tu Po Mnie","Michał Szczygieł"
"QHgQNmuq8Lg","Ditado (feat. Carla Prata)","Filho do Zua"
"qIiD0jHyDSA","Komshia","West Side Family"
"Qk1kMtUaU-A","Sebelas Duabelas","Nella Kharisma"
"QLyX8DJtr5A","Ona (feat. Harmonize & Rich Mavoko)","Lulu Diva"
"QmkMb_6FYyE","Соло","Mot"
"qNYaJgS9fFo","AR CAXVIDE-9707-DNC","GOGITA GOGIDZE"
"qqqMyxv5al4","Oye Mujer","Raymix"
"QsvE8jnfFwg","យើងសម្រាកទៅ","Hak Record"
"QUF0Ac5xATI","AIDA SAMB- Lan La (Video Officelle)","--"
"QukVRqvrekQ","Adopted Child Of Love","Beissoul & Einius"
"qUsE49lUQUY","Öyle Kolaysa","Mabel Matiz"
"QVgSyvzmbxw","Guleba (Mervin Solomon & Anirudh Ravichander)","Mervin Solomon"
"qxLpHjIQ3is","Up Top","Tee Jay"
"qxt2JE06PYw","Do It","Vybz Kartel"
"qYAiAivwTvc","Coca Cola Tu (feat. Young Desi)","Tony Kakkar"
"qYXCsZunjRM","Lo Malo (Aitana Ocaña & Ana Guerra)","Aitana Ocaña"
"r3KtDBK9L9M","LVMH","Tenor"
"R5mwjR2L2Pk","Mastica y Traga (Cromo X & La Insuperable)","Cromo X"
"R8KygjW4Ics","Indiferenta","Andra"
"R8Ue6WpS1fs","Sebnem Tovuzlu - Mən agladim","Sebnem Tovuzlu"
"R9tGqDgGvDo","Nigdy ponad stan","KęKę"
"rbcrhQq_Xyw","Armon Bo'ldi","Dildora Niyozova"
"RgKAFK5djSk","See You Again (feat. Charlie Puth)","Wiz Khalifa"
"Rj0AKJEUq2s","Benetaselay","Dawit Nega"
"rKnUhAgOcp4","มะงึกๆอุ๋งๆ","ORNLY You"
"rNFse8Q4DUM","Mwen Pou Ko'm","Kreyol La"
"RNkVOyVza6Q","Narxi Qancha Mehrni Ayting","Sardor Rahimxon"
"RpsimXGlBnk","Puro Fuego","La Sandonga"
"RQ0EsjZIt2U","Hobino","Zakaria Ghafouli"
"rrStNXXKtl4","Ngắm Hoa Lệ Rơi","Châu Khải Phong"
"rshk3Vi23h0","Juramento do Dedinho","Mano Walter"
"RSL1-rvGmj4","Podipaarana (Kesav Vinod & Sunilkumar Pk)","Kesav Vinod"
"RtnpCPqyx88","WEEDBANGER420 (feat. ReTo & Zabson)","Borixon"
"rv3mZNzZ6PI","Sen","İdo Tatlıses"
"rY9v6jgnYX4","Lo Que Yo Diga | Dema Ga Ge Gi Go Gu [Remix] (El Alfa ""El Jefe"", Farruko, Jon Z & Miky Woodz) (feat. Bad Bunny)","El Alfa ""El Jefe"""
"RyNog8QS39Q","Ze Willen Mee (Bizzey, Hardwell, Lil' Kleine & Chivv)","Bizzey"
"S0nA9MB4ULE","Hanen","Selamawit Yohannes"
"S1r8yB40dYk","Jedra","Saša Kovačević"
"s23vhyeb2wg","Мотыльки (Dmitry Merkulov Remix)","Lyuba Almann"
"s3QqGl_okEE","Tharaka Pennale Remix","Mukesh"
"S6baf8BqKDI","Catchu Catchu","Lartiste"
"s763FBnkIwc","Luda Romantika","Slatkaristika"
"s9NoBV_7yVI","Last Child -","Virgoun"
"SAcpESN_Fk4","Dil Diyan Gallan","Atif Aslam"
"sbXg6CWUXuo","Só quer vrau","MC MM featuring DJ RD"
"Sd7GMadyuag","Kata Akhirmu","Ariff Bahran"
"sD9_l3oDOag","No Hay Nadie Más","Sebastián Yatra"
"SdlIUptN2iQ","The Come Up","Sarkodie"
"SdsSwvZ5B5k","Mignon garçon (feat. KeBlack, Dry & Naza)","4Keus"
"sEOEUiHJu_c","Pernah","Azmi"
"sfw44YQdv4E","079","Lo & Leduc"
"sGIm0-dQd8M","Dura","Daddy Yankee"
"ShZ978fBl6Y","You Are the Reason","Calum Scott"
"sh_Uhe7Ybe8","Puiul meu","Dani Mocanu"
"sJv_aqRyR7Y","BulletProof","Shatta Wale"
"SKexLz5QRN0","We Poppin (feat. Birdman)","YoungBoy Never Broke Again"
"sL6T5H6vbwo","LYRIC_02724801_LYRIC_บุญผลา - ไมค์ ภิรมย์พร【LYRIC VIDEO】","Mike Piromporn"
"slisxcXTIH8","Pentru Ca (feat. The Motans)","Inna"
"Sm4HQ2R_usQ","Surat Cinta Untuk Starla","Virgoun"
"sqCLVS1GgJs","قافل","Nour Al Zain"
"sQU4jaPGW7Q","Goyang Dua Jari","Sandrina"
"SsdTRPTtZc8","Лети","Svetlana Loboda"
"SsyUGltfuZo","Diamond Teeth Samurai","YoungBoy Never Broke Again"
"stcGDwrp07g","Shutdown (feat. Murda)","SFB"
"STtyY1fGJEE","Красивая & хороший","Elvin Grey"
"Su9rs7yK4J0","اب وجنات","سامي عزالدين"
"Sx-NNqk7F0Q","Фары-туманы","HammAli & Navai"
"sXu9QLRb_sI","Allegro Ventigo (feat. MATTEO)","Dan Bălan"
"sxXsznqORjA","HALDIGINA FULL VIDEO","--"
"SX_ViT4Ra7k","Lemon","米津玄師"
"Sy74h0CSh74","TMM TMM","Summer Cem"
"syEHZpykluY","Adio Amore","Stefan Đurić"
"syjrB5lVIQI","Monsters","Saara Aalto"
"SZjLvsfvS78","По твоим следам (Ka-Re & Saro Vardanyan)","Ka-Re"
"sZND7528UgQ","Ven Meneate","El Mayor Clasico"
"sZyv8teikYQ","Rim Elghezlen","Cheb Bachir"
"t3fiYwWj38I","Chicago","YasinTheDon"
"t3HFob5pC3g","Mafuzzy Style","Dadju"
"T4KNVT2w0mU","Eloko Oyo","Fally Ipupa"
"tAGytbHTJeU","upload now talantali","--"
"TAoMWdTYqRE","Sinto sua falta","Ferrugem"
"tB0ApQWQTLs","JE TE VOGLIO BENE ASSAJE","LIBERATO"
"tCev_IcVxcU","That's on Me","Yella Beezy"
"tD7ISSBoSaM","Piti Vich (Desi Routz & Sarika Gill)","Desi Routz"
"TERE_-Xz4no","Hari Ubuzima","Israel Mbonyi"
"Tet6_BlStEM","Lagi Syantik","Siti Badriah"
"tfEAxTut-wY","Daloula (feat. Kafon)","IN-S"
"TgbdwLQDV3s","ภาพจำ","Pongkool Suebsung"
"tibXmhufKrI","I'm Sorry","Twenty Fingers"
"TJyy_qz_qII","Expert Jatt","Nawab"
"TmTOZjOo0D8","Anjing Kacili","Bassgilano Revolution"
"ToTgMHJvmvI","Jogo Do Amor","Mc Bruninho"
"ToY6sjSV8h8","Plug Walk","Rich the Kid"
"Tp31kbcm8tU","•MUSO•Cảm xúc âm nhạc #","Hoàng Yến Chibi"
"TRBCWWtysFU","Byle jak","Margaret"
"tsp7IOr7Q9A","Gucci Flip Flops (feat. Lil Yachty)","Bhad Bhabie"
"TU1SlvlQ_jY","Leri lala","Kinjal Dave"
"tU6cUj4ad1Y","Seni Çok Seviyorum","Àkin"
"TyHvyGVs42U","Échame la Culpa (Luis Fonsi & Demi Lovato)","Luis Fonsi"
"tyYsGH0oPbg","Father Gad","Mavado"
"t_I5YfftJSk","The 7th Element","Vitas"
"t_shSXXV91w","Amantes","Greeicy"
"u19RQ8JU3sY","Obi Nyanime","Patience Nyarko"
"U4fErC9skHE","I Like It (Cardi B, Bad Bunny & J. Balvin)","Cardi B"
"u6VJF48vtxg","Ser Feliz (feat. Landrick)","Liriany"
"u98jv_deaeI","Khwahar","Dunya & Meher Mah Ghazal"
"U9BwWKXjVaI","Nice For What","Drake"
"ubkwRMq50p8","Hamro Nepalma","--"
"UbmwKMGKiAc","Teri Lat Lag Ja Gi (Sonu Sharma & Ruchika Jangid)","Sonu Sharma"
"UCnvggIdBMU","Fake Love (feat. Duncan Mighty & Wizkid)","Starboy"
"ucVJrja8r6Q","Assurance","Davido"
"UCXao7aTDQM","Tháng Tư Là Lời Nói Dối Của Em","Hà Anh Tuấn"
"uF9XJU8Py58","COW SONG || New Nepali Movie KOHALPUR EXPRESS Song 2018 || Ft. Priyanka/Reecha/Keki","--"
"ufacWQO7K88","BSW Rico Miss Mood Eld at klip FULL HD youtube","BSW"
"uFl3WlZwz84","Tchizabengué","Shan'L la Kinda"
"UFZ2F8V9qVk","Toy","Netta"
"ugDOP5j2xiQ","Sista (feat. Yemi Alade)","Charlotte Dipanda"
"uhfTDBUfLU4","Shookhie Mage","Hamid Hirad"
"uJlYUxxruls","Uka feat  Luuya, Lil Thug E   Hairtai Gej Heleech Eejiin Daisan 2 OST","--"
"UknQK-k49Ek","PaPum","MC Kevinho"
"um9H8BNuwpA","Pochi Nene (feat. S2KIZZY)","Rayvanny"
"UNm680cBsLg","เพลง จากใจแฟนเก่า","คะแนน นัจนันท์"
"Uokq5VS59NY","LAUNG LAACHI FEMALE","MANNAT NOOR"
"uOXBB29DeJY","Koisuru Fortune Cookie","BNK48"
"uPl-uvr4mDk","Under Water","Vybz Kartel"
"UPq1gr6YXCE","Te Voy a Amar (feat. Cali Y El Dandee)","Andrés Cepeda"
"UPvJD0_t2Zs","Havana","Pavell & Venci Venc’"
"uQp96shZf9s","Белые розы","Юрий Шатунов"
"URq5xapvnrY","Billet","Marwa Loud"
"URxsOjGMg4w","English Medium (Masoom Sharma & Annu Kadyan)","Masoom Sharma"
"UTeb3fRqSzU","Mwaka Moon (feat. Damso)","Kalash"
"UuyGVEvJGd4","Não Posso","Yasmine"
"uVQlZR-NNqM","LOVE (Gianluca Vacchi & Sebastián Yatra)","Gianluca Vacchi"
"UxQv0SGRt8g","Estamos Clear (feat. Bad Bunny)","Miky Woodz"
"UXziiKhTnK4","Marija (Grupa Vigor & Vigor)","Grupa Vigor"
"UyMT1l_WYT8","KorsKorsKors (Hiro & Senkise)","Hiro"
"uZ46-Fjg-aM","One Night Stand (feat. Roody Rood Boy)","Vayb"
"UzMamUEdlMI","やってみよう","WANIMA"
"v-OG5BTRYvw","مكاشفي القوم","Muhammad Al-Jazzar"
"V1qVq_Xcolk","El Mango Relajado","Wapayasos y Horripicosos"
"V1VL8R04CCw","Catch Up","Josylvio"
"V2hlQkVJZhE","LIKEY","TWICE"
"v9Fffai15jk","Мерак","Alex & Vladi"
"Va58NK3V3L4","Bro (feat. Bâna)","Navid Zardi"
"vAmlUJV3MP0","Selam Alewa","Mesfin Berhanu"
"VdeLpi9zul0","MOLIERE   le Bon choix clip officiel TV","Molière"
"VdYkvjHYPSo","Kamli Kamli","Payal Dev"
"vecSVX1QYbQ","사랑을 했다 (LOVE SCENARIO)","iKON"
"VEHgDSVG0fg","Nejsom Ten Pravý (Kali & Kali)","Kali"
"veLvEGAH9jg","Banyu Langgit","Nella Kharisma"
"VFO-aUrlgIQ","Твоя бях","Джулия"
"vHjC2zH3E24","Moitié-moitié","Arielle T"
"VipZVYmUw1g","Tomorrow","Stonebwoy"
"ViVWEjzwNHI","Tant pis (feat. Dadju)","Dry"
"Vj0GqUeUstM","Kawaii","Static and Ben El Tavori"
"VjgplzhfSO8","Мила ю","--"
"vjI4Alon-3Q","Marinero","Maluma"
"VloKUNlNG2s","Magenta Riddim","DJ Snake"
"VMj1viq9KmA","Slađana","Senidah"
"VNg556FUOUs","Arikil Pathiye (Sangeetha Srikanth & Najim Arshad)","Sangeetha Srikanth"
"VNyiqtvtPLc","體面（電影《前任3：再見前任》插曲）","Kelly Yu"
"voFPahLSSgk","0 hasbi rabbi jallallah","shumaila kosar"
"VqEbCxg2bNI","Criminal (Natti Natasha & Ozuna)","Natti Natasha"
"vt7v_sQ-VEc","Bado","Nhatty Man"
"vUTI4bPdlgE","ATM","J. Cole"
"vVOBVnMYrbA","My Hero","Safi Madiba"
"VYOjWnS4cMY","This Is America","Childish Gambino"
"w-QyMZeHyo4","Digi Digi","Arrow Bwoy"
"W0fKl43QmIE","Manikya Malaraya Poovi","Vineeth Sreenivasan"
"W1CSWdLi0-A","Tout se passe après minuit (feat. Dadju)","Black M"
"W1fcP1l17iQ","疑心病","任然"
"W3R4GufVf6E","BEWAFA TANE DUR THI SALAM","Jignesh Kaviraj"
"w7IThtyR220","Fero - Gang Gang","--"
"w7PGUBe-UMY","ابا يقولا","Insaf Madani"
"WcTRQXtXJPs","LARGADO ÀS TRAÇAS","Zé Neto & Cristiano"
"wFAJT1hRmKk","NDIOLé feat waly","Wally Family Production"
"WfDdGWfVu0E","Mindenki táncol /90'/ (Péter Majoros & Majka Curtis)","Péter Majoros"
"wfWkmURBNv8","El Farsante (Ozuna & Romeo Santos)","Ozuna"
"WIUdMIY7SFU","MAGNEVA","ARNAAH"
"wje4zcGgSqA","Ausência","Marília Mendonça"
"WLMmX17D2uw","שני משוגעים","Omer Adam"
"wNM2-60oV6k","Byznys","Xindl X"
"wo71Rn0x-Mw","Jaymal Wala Sariya","Wave Music"
"wOBnq0Ewz5k","Розовое вино (Элджей & Feduk)","Элджей"
"wOZomJar-xE","เร็ว","วงzoom"
"Wpm07-BGJnE","Chun-Li","Nicki Minaj"
"wQ_POfToaVY","Candy Pop","TWICE"
"WsKZcHOpcFM","علي عرنوص   اضم حبك","--"
"WtE011iVx1Q","Por Perro (feat. Lary Over & Luis Figueroa)","Sebastián Yatra"
"wtYxUyyISvg","É Só Cuiar (feat. Ary)","Cef Tanzy"
"wUGTRx1vvoI","Embeera Zo","sheebah & bruce melodi"
"Wun-JhIAyt8","Ti aspetto all'altare","Tony Colombo"
"wvUNULrsoTg","Syzeza (feat. Xhavit Avdyli)","--"
"wWuKjHtVHL8","Holder Fast (feat. Gilli & Lukas Graham)","Hennedub"
"WXhB-DtcBDM","Yemegemeriyaye","Nhatty Man"
"X0RSym61kTY","Faramareen (Wally B. Seck, Le Raam Daan & Wally B. Seck)","Wally B. Seck, Le Raam Daan"
"x2y2V8LpbHk","Tamagotchi (feat. Dawid Podsiadło)","TACONAFIDE"
"X3tK1cpP7YU","Jó","Midian Lima"
"x6I8VuQK9FQ","Masa SMA","Angel 9 Band"
"X8sSXU-J8fI","La Modelo","Ozuna"
"X8_OFknysb0","Ska konkurenc","--"
"XaqxZSugB2Y","Better Than That (Govana & Jada Kingdom)","Govana"
"xaYr68gfvYo","Bienvenue au Gondwana","Smarty"
"XE3hTnD5Kwo","זורק ת'עניבה","Omer Adam"
"Xe5lrw1RRZY","Bad Boy","Marwa Loud"
"xE9FBL7jUGA","Nainowale Ne","Neeti Mohan"
"XfBIM1XhCIU","Delgiri (ماکان بند - دلگیری - موزیک ویدیو)","MACAN Band"
"XGcX5wopq3M","A un passo da te","MinaCelentano"
"xHeks4uPRWE","kUSU KUSU","--"
"xiY_cP9L1cQ","BENTAYGA","Ali B"
"XJPAk9ctb-Q","UA","ReTo"
"xjvRvSV8yEM","เธอเปลี่ยนไป","Anuwat Sanguansakpakdee"
"XmboaW4N56A","Higher Ground","Rasmussen"
"Xnfvx4Sif5E","PADAM (feat. Mária Čírová)","Ben Cristovao"
"XoMtG1CexN8","Family Tree","Ramz"
"XOwihbur34E","Paradise","George Ezra"
"xpdxYOEJSeQ","Махаббат Қаласы","Ernar Aidar"
"xpVfcZ0ZcFM","God's Plan","Drake"
"XQ0D_QD_DhM","Loca (feat. Duki & Cazzu)","Khea"
"XQ2LT7QcTeg","Ty mała znów zarosłaś","Sławomir"
"XRjxCWnaHXQ","Mon goût","X Maleya"
"xsbLtHql4g8","Aalaporaan Thamizhan (Pooja Vaidyanath, Kailash Kher, Deepak & Sathyaprakash)","Pooja Vaidyanath"
"XSkpuDseenY","さよならエレジー","菅田将暉"
"xSLQQVDQ6H0","Nishto","Lorena"
"XSmWM3xHvpQ","Não Tem Que Encantar (feat. Yasmine)","To Semedo"
"XU2rBTyVLYM","modi wavidet-9707-DNC","14 da linda adamia"
"Xv1NQFN9Kd8","Ondu Malebillu (Shreya Ghoshal & Armaan Malik)","Shreya Ghoshal"
"xVGRDPxlS7k","Warum","Gzuz"
"xvorG2PugqY","يا أول عشك","عباس الامير وسراج الامير"
"xWi8nDUjHGA","Dil Chori (Yo Yo Honey Singh, Simar Kaur & Ishers)","Yo Yo Honey Singh"
"XXndoMK3Uf4","Maik Aala Almot","Hussein Al Deek"
"XyHDHcv9PrU","Get It Now","Tiwa Savage"
"xzbl20vjNEo","Used To","Ala"
"XztFj4E4faA","Thề non hẹn biển (Truong Vu & Như Quỳnh)","Truong Vu"
"xzvZfUwy2LQ","Ta Tum Tum (MC Kevinho & Simone & Simaria)","MC Kevinho"
"y1qGmXWkn80","Posa","Fally Ipupa"
"Y30pfWIQfoo","לשוב הביתה","Ishay Ribo"
"Y5wtMh45V6g","Enne Namdu","Naveen Sajju"
"y7d9VLRO3vc","Déjala Que Vuelva (feat. Manuel Turizo)","PISO 21"
"ycgvsLVtofA","Gledai kak se pravi (feat. Slavi Trifonov)","Krisko"
"YCYQNEkEI6s","Foolish Love","The Green"
"yD8pisNDOlg","Gunman","Kalash"
"yDgIUDp9NiA","Perfect","Ed Sheeran"
"YDQXzY11aS0","Overdose","YoungBoy Never Broke Again"
"yeRAwhtyD3g","Aa Gattununtaava","Shiva Naagulu"
"YEym6Lp2qCA","Миний Ээж Тэмээчин","Д. Отгонжаргал"
"YFfEFbC9_XQ","Vachinde (Madhu Priya & Ramky)","Madhu Priya"
"yFIejwp1TG0","Noi Vong Tay Lon","Trịnh Công Sơn"
"YG2JKINlx4s","Ya Lili (feat. Hamouda)","Balti"
"yGN_GtkkKNg","PADAM (feat. Mária Čírová)","Ben Cristovao"
"YGpak_xS47o","Wohin willst du (feat. LEA)","Gestört aber GeiL"
"yH9OxZYyQxg","BUK","Valsbezig"
"yIIGQB6EMAM","Bom Diggy (Jasmin Walia & Zack Knight)","Jasmin Walia"
"Yj-l8iDCI6A","Hamtdaa (feat. Maraljingoo)","Tatar"
"YjeMaS0LQrw","KONFIDENT MOLOCH (P.A.T. & MegaM & Otis)","--"
"YjLLi4ee2Fk","Be Mine (feat. Patoranking)","Djodje"
"YKA_wek0rgg","Mejaši - ALE, ALE 2018 (Official video)","--"
"YL8Q8So3MUk","Так хочется жить","Рождество"
"YnrN0o0lubM","Lugar Secreto","Gabriela Rocha"
"Ynxqopf7xm4","دل آقا سرود بی تو","دل آقا سرود"
"ypJw9767esY","Pehredaar (Aakash Dk, Jind Maan & Guru Sidhu)","Aakash Dk"
"YpkJO_GrCo0","Laung Laachi","Mannat Noor"
"YqC8FKUovzc","Bandolero","Mula B"
"YquuHTi6ys4","Ne Diraj Moju Ljubav","Klapa Šufit"
"YQziAomUCT4","German","EO"
"YrQLmElRT-E","Imprevisível (feat. Hungria Hip-Hop)","Tribo da Periferia"
"ytwq9M1Mq8E","Mama / Baba","Moe Phoenix"
"YuXLN23ZGQo","O Saathi","Arko"
"YVJijQIualA","O Sol","Vitor Kley"
"yVnG-4Tw6jQ","Xhanem","Butrint Imeri"
"YvR-J_knLf4","Mabrouk 3lina (feat. BIWAÏ, Yasin El Harrouk, Riffi, Mr. Crazy & DJ Nassi)","Ismo"
"YwBQBirT5HU","Hta Lqit Li Tebghini","Youness Boulmani"
"YWedrnoEXG8","Last Child -","Virgoun"
"YWjMAWrwpc0","Mademoiselle","BLACHA"
"YXSFMV8JOF4","Anti-Amor (feat. Jorge & Mateus & Mateus)","Gustavo Mioto"
"yy7r3ZsBaHQ","Bum Bam Ven","Musicologo the Libro"
"yYHzwDhUxvY","Dhaari Choodu","Penchal Das"
"yZ7cBunq8xo","Un Poco Loco (Luis Ángel Gómez Jaramillo & Gael García Bernal)","Luis Ángel Gómez Jaramillo"
"y_a9_cSX0Tg","Lyca","Swarmz"
"Z-1ZhTvQxAg","Shokran Jaselan","Saleh Alyami"
"Z-ZV61eDLXI","You're Bigger","Jekalyn Carr"
"z1ZnJzOzIaA","bula kukura","--"
"z3UCQj8EFGk","Cara Italia","Ghali"
"z5WrgDzNIZ0","Gotti","6IX9INE"
"z8ynZbOPPGo","Fame (feat. RAF Camora)","Kontra K"
"z9drIRdLh88","醉赤壁","JJ Lin"
"zawsIPV0qDg","จินตหรา พูนลาภ","JINTARA CHANEL Official"
"zBVD2YO3H-o","Hayreniki Jure (feat. Super Sako)","Sammy Flash"
"ZDIJ8WICvo4","Perviz Bulbule & Turkan Velizade - Yene Sen (Akustik)","Various Artists"
"zDo0H8Fm7d0","Meant To Be (feat. Florida Georgia Line)","Bebe Rexha"
"zEf423kYfqk","Sin Pijama (Becky G & Natti Natasha)","Becky G"
"ziBga4SbRX4","Abbracciame","Andrea Sannino"
"ziOUhJY6Soc","Sydpå","Bro"
"ZjN4agWqTdc","Love you Die (feat. Diamond Platnumz)","Patoranking"
"zJZKWF7YBas","YOUTH","Mankirt Aulakh"
"zKFt_5lGPNY","Valahonnan (Lotfi Begi & Kollányi Zsuzsi) (feat. Majka Curtis)","Lotfi Begi"
"zluDTgiuEio","Bawasaaba","Stonebwoy"
"ZmAyPJ8zf-w","Xəncər","Damla"
"zMMIKgf0bgc","Pourquoi tu forces (feat. Aya Nakamura)","Dj Erise"
"ZMwbswoUdP8","Va Bene","L'Algérino"
"zOEISgh7k_g","说散就散","JC"
"Zokn4WDPcHE","Rave in the Grave (Little Sis Nora & AronChupa)","Little Sis Nora"
"zORKnAbDnLQ","Vērtības","Mesa"
"zRuot1TXZUw","Kader Tarhinin","Sidiki Diabaté"
"zTnakoPC-uk","Bocah Ngapa Yak","Wali"
"ZVqzIU2kN00","Золотое сердце","Stas Mikhaylov"
"zweuyqp5-V0","Javed Amirkhil   Da Mayen Wale Belegi OFFICIAL VIDEO HD","--"
"zXkz5LyDmdo","Namisha","Sadriddin"
"_2iM_hsOUbM","Giati To Metanionis","Nikos Vertis"
"_6h9At1u0Dg","Viva Morocco","Hatim Ammor"
"_7kA-2MII3w","ПОДНИМАЙ","Combat Cars"
"_blORJ0MMNc","Mau","Shanti Dope"
"_C_3ZC0D-3M","Prva si ti","Adil"
"_dQAWW5y8r4","Min Diamant (Ricky Rich & ARAM Mafia)","Ricky Rich"
"_E60Id1AtsM","Madura (feat. Bad Bunny)","Cosculluela"
"_fObMfQnDIM","Monomaniac","Carla's Dreams"
"_GG4kQ9mmUA","LAUNG LAACHI FEMALE","MANNAT NOOR"
"_iktURk0X-A","Phir Bhi Tumko Chaahunga (Shashaa Tirupati & Arijit Singh)","Shashaa Tirupati"
"_I_D_8Z4sJE","X (Nicky Jam & J. Balvin)","Nicky Jam"
"_I_zjqbPwOE","Como Le Digo :(","Khea"
"_OeCPPEa0z8","Winner","Queen Cha"
"_ovdm2yX4MA","Levels","Avicii"
"_Pl4TN8RW6Q","Fige","Nikos Vertis"
"_ruEj-XK1lA","Disfruto","Carla Morrison"
"_Uqd3Z1fVtA","Mi Forma de Ser","Farruko"
"_wOhZ7aTjdg","Instinct Killers - Banama (clip officiel)","Instinct Killers"
"_XyBa8QsVQU","밤 (Time for the moon night)","GFRIEND"
